Name,Bible passages,Children,Conflicts,Custom target scene count,Date,Inspiration count,Inspirations,Missing scene count,Parents,Priority,Products,Progress,Solutions,Tags,Weight,Wonderland count,_Form final scenes,_Form scenes,_Rup child scenes,_Rup child scenes 2
Peace in the eye of the storm,,,,,,2,"Mieruko-chan (../Inspirations/Inspirations/Mieruko-chan%205c8abc58917a455381362cb19b9aed0b.md), Big Trouble in Little China (../Inspirations/Inspirations/Big%20Trouble%20in%20Little%20China%200a1639ebedd74085b350e568bfab2e71.md)",,,High,TWOLD (../Data/Products/TWOLD%20e028aa0786f5449984a4f497c1d746fa.md),,,,4,0,,,,
Desperation,"Mothers eating their children (../Data/Bible%20passages/Mothers%20eating%20their%20children%2029258e628ba280e09091d3ed00aa98c6.md), Saul and the medium (../Data/Bible%20passages/Saul%20and%20the%20medium%2029258e628ba28037a049cc5dc6d76e18.md), Asa turns to Baasha (../Data/Bible%20passages/Asa%20turns%20to%20Baasha%2029258e628ba280c1951fe61803f91389.md), Saul’s unlawful sacrifice (../Data/Bible%20passages/Saul%E2%80%99s%20unlawful%20sacrifice%2029258e628ba28024a086fd8e4fe897b0.md), The Levite and his Concubine (../Data/Bible%20passages/The%20Levite%20and%20his%20Concubine%2028f58e628ba28075872acfa60e4f2441.md), Cutting off the ear (../Data/Bible%20passages/Cutting%20off%20the%20ear%2029258e628ba2809abf38c4e9e5f25eb6.md)",,,,,4,"Tenkuu Shinpan (../Inspirations/Inspirations/Tenkuu%20Shinpan%20748ff563f82047c68c5bc3e6c8842598.md), Gantz (../Inspirations/Inspirations/Gantz%20a24f02cf50174af3a4c065855e47ba14.md), The Walking Dead (../Inspirations/Inspirations/The%20Walking%20Dead%201d28d505f48f437d8501aa594f07c6cb.md), Surviving Romance (../Inspirations/Inspirations/Surviving%20Romance%2022858e628ba280fba349c779daae8c37.md)",,,High,TWOLD (../Data/Products/TWOLD%20e028aa0786f5449984a4f497c1d746fa.md),,Nivana supporting her sister (../Solutions/Nivana%20supporting%20her%20sister%202aa58e628ba2801bbbdaef7a7af37013.md),,4,0,,,,
James’ job,,,,,,2,"Dilbert (../Inspirations/Inspirations/Dilbert%2015158e628ba280598922f8c0b88837c1.md), Duchess in Ruins (../Inspirations/Inspirations/Duchess%20in%20Ruins%201da58e628ba280fc9173d1f7d7680bf3.md)",,Family provision (../Features/Family%20provision%20a4f827664b094b91ae244ffa2385ce4d.md),High,TWOLD (../Data/Products/TWOLD%20e028aa0786f5449984a4f497c1d746fa.md),,"The agency losing an existing contract to a larger competitor (../Solutions/The%20agency%20losing%20an%20existing%20contract%20to%20a%20larger%2018a58e628ba28010b7d6f89840a374e3.md), (Next book) James working for the Wizards (../Solutions/(Next%20book)%20James%20working%20for%20the%20Wizards%2018a58e628ba280d3b4f3d8dd0b73c58c.md), Initially shroud the Asylum job in mystery (../Solutions/Initially%20shroud%20the%20Asylum%20job%20in%20mystery%201d958e628ba2805a96a9f094a30740bb.md), James as Risk Manager (../Solutions/James%20as%20Risk%20Manager%201d958e628ba280908cecc171379f6f4f.md), People discounting James because he is neither scientist nor wizard (../Solutions/People%20discounting%20James%20because%20he%20is%20neither%20sci%201da58e628ba2801d982cdf54523df89d.md), Magic contracts job (../Solutions/Magic%20contracts%20job%202ae58e628ba2808fb1e9f3c7b98c916a.md), Remote magic trading job (../Solutions/Remote%20magic%20trading%20job%202ae58e628ba28044aacbe1df1838b8e9.md)",,4,0,,,,
Community,,,,,,8,"Cursed Princess Club (../Inspirations/Inspirations/Cursed%20Princess%20Club%20bfb85a9b7ea74bc8a8d385d6519d1bcc.md), The Office (../Inspirations/Inspirations/The%20Office%20ff3a2fef6cac42b199eb43c00fa8849f.md), Jane Austen (../Inspirations/Inspirations/Jane%20Austen%203e41441f25d94ebab2ee737d9815f33c.md), Naruto (../Inspirations/Inspirations/Naruto%20975a9a910773440b828e89f035a08d72.md), Pride and Prejudice (../Inspirations/Inspirations/Pride%20and%20Prejudice%2013758e628ba2807798bbc04ae550da36.md), Big Trouble in Little China (../Inspirations/Inspirations/Big%20Trouble%20in%20Little%20China%200a1639ebedd74085b350e568bfab2e71.md), River City Girls (../Inspirations/Inspirations/River%20City%20Girls%2022a58e628ba280688bb9eae58590609a.md), Yuuyami Doori Tankentai (../Inspirations/Inspirations/Yuuyami%20Doori%20Tankentai%202cf58e628ba280a5ae34c8d766cd2229.md)",,,Medium,TWOLD (../Data/Products/TWOLD%20e028aa0786f5449984a4f497c1d746fa.md),,,,2,0,,,,
Sojourner,,,,,,3,"Doctor Who (../Inspirations/Inspirations/Doctor%20Who%2027d58e628ba28012bd49c9bb9d4e613f.md), Sapphire and Steel (../Inspirations/Inspirations/Sapphire%20and%20Steel%20f4522f813fe047fe9cc7daef159bed6d.md), The Witcher (../Inspirations/Inspirations/The%20Witcher%20d52418cdc33d47ba8c64bc60adabd302.md)",,,,TWOLD (../Data/Products/TWOLD%20e028aa0786f5449984a4f497c1d746fa.md),,,,0,0,,,,
Cosmic horror,,,,,,5,"H. P. Lovecraft (../Inspirations/Inspirations/H%20P%20Lovecraft%208b960aeb87da4d2c816e0219335869e4.md), Berserk (../Inspirations/Inspirations/Berserk%20377a5e04430a4874a6db4ee356807932.md), The Darkest Dungeon (../Inspirations/Inspirations/The%20Darkest%20Dungeon%20df3ac67f75374c4aa1634a7575916828.md), In the Mouth of Madness (../Inspirations/Inspirations/In%20the%20Mouth%20of%20Madness%203a3a45e2b9d4455e94e3101a5eafa8ae.md), Jonathan Strange & Mr. Norrell (../Inspirations/Inspirations/Jonathan%20Strange%20&%20Mr%20Norrell%20ed711545bad14b739e7b27fb6ad5c1a3.md)",,,Low,TWOLD (../Data/Products/TWOLD%20e028aa0786f5449984a4f497c1d746fa.md),,"The Watching Door (../Solutions/The%20Watching%20Door%202ca58e628ba2802e94a8c08ffc264a2d.md), The Shadow Empire (../Solutions/The%20Shadow%20Empire%202ca58e628ba280c0a916fad81a02d690.md)",,1,0,,,,
Fire from the gods,The woman at the well (../Data/Bible%20passages/The%20woman%20at%20the%20well%2028f58e628ba2801b9ec9f01c647d0580.md),,,,,0,,,Playing with fire (../Features/Playing%20with%20fire%2011158e628ba280edaca1d0d5cfd07cc2.md),Low,TWOLD (../Data/Products/TWOLD%20e028aa0786f5449984a4f497c1d746fa.md),,,,1,0,,,,
Travelers,,,,,,3,"Sapphire and Steel (../Inspirations/Inspirations/Sapphire%20and%20Steel%20f4522f813fe047fe9cc7daef159bed6d.md), The Matrix (../Inspirations/Inspirations/The%20Matrix%2023058e628ba280c887e8f1e85aa43171.md), Doctor Who (../Inspirations/Inspirations/Doctor%20Who%2027d58e628ba28012bd49c9bb9d4e613f.md)",,,Low,TWOLD (../Data/Products/TWOLD%20e028aa0786f5449984a4f497c1d746fa.md),,,,1,0,,,,
My own worst enemy,,,,,,1,The Office (../Inspirations/Inspirations/The%20Office%20ff3a2fef6cac42b199eb43c00fa8849f.md),,,Medium,TWOLD (../Data/Products/TWOLD%20e028aa0786f5449984a4f497c1d746fa.md),,,,2,0,,,,
Injected stability,Build houses (../Data/Bible%20passages/Build%20houses%20192028b3a6cc45708e199ece1d197241.md),,,,,2,"Cursed Princess Club (../Inspirations/Inspirations/Cursed%20Princess%20Club%20bfb85a9b7ea74bc8a8d385d6519d1bcc.md), Aliens (../Inspirations/Inspirations/Aliens%2028c58e628ba2801a919ce41fb9a52aaa.md)",,,Medium,TWOLD (../Data/Products/TWOLD%20e028aa0786f5449984a4f497c1d746fa.md),,Making everywhere home (../Solutions/Making%20everywhere%20home%20b97c110b9e18473da0d59eaa31a7aa96.md),,2,0,,,,
Manic energy,,,,,,9,"Doom Patrol (2016) (../Inspirations/Inspirations/Doom%20Patrol%20(2016)%20513936adfeba4a2bad778646bcea5cce.md), X-Factor Investigations (../Inspirations/Inspirations/X-Factor%20Investigations%204496354c9e3f44f1939e87dd7ef8abf9.md), Cursed Princess Club (../Inspirations/Inspirations/Cursed%20Princess%20Club%20bfb85a9b7ea74bc8a8d385d6519d1bcc.md), The Evil Dead 2 (../Inspirations/Inspirations/The%20Evil%20Dead%202%2093629e42ee3a488c821794ec47db5374.md), Ash vs. the Evil Dead (../Inspirations/Inspirations/Ash%20vs%20the%20Evil%20Dead%206c3ea4b72e4e4e6e8f3474bbab490186.md), Big Trouble in Little China (../Inspirations/Inspirations/Big%20Trouble%20in%20Little%20China%200a1639ebedd74085b350e568bfab2e71.md), The Great Muppet Caper (../Inspirations/Inspirations/The%20Great%20Muppet%20Caper%2015058e628ba280528132f64f29593742.md), River City Girls (../Inspirations/Inspirations/River%20City%20Girls%2022a58e628ba280688bb9eae58590609a.md), Doctor Who (../Inspirations/Inspirations/Doctor%20Who%2027d58e628ba28012bd49c9bb9d4e613f.md)",,Surreal (../Features/Surreal%20cee6644b68094859bf1b17c5e7fd25de.md),Medium,TWOLD (../Data/Products/TWOLD%20e028aa0786f5449984a4f497c1d746fa.md),,,,2,0,,,,
Family having fun together,,,,,,0,,,Family (../Features/Family%204a141498769b409797d96a49f190e96f.md),Medium,TWOLD (../Data/Products/TWOLD%20e028aa0786f5449984a4f497c1d746fa.md),,,,2,0,,,,
Biblical,,,,,,1,The Bible (../Inspirations/Inspirations/The%20Bible%2091163a390e974e0d9a3db1b7b2876d30.md),,,Ultimate,TWOLD (../Data/Products/TWOLD%20e028aa0786f5449984a4f497c1d746fa.md),,,,8,0,,,,
Condescension,Jesus’ humility (../Data/Bible%20passages/Jesus%E2%80%99%20humility%2028f58e628ba280929fa8e798b4c1a6d8.md),,,,,10,"Sapphire and Steel (../Inspirations/Inspirations/Sapphire%20and%20Steel%20f4522f813fe047fe9cc7daef159bed6d.md), Jane Austen (../Inspirations/Inspirations/Jane%20Austen%203e41441f25d94ebab2ee737d9815f33c.md), North and South (../Inspirations/Inspirations/North%20and%20South%20df777bdbbbdc49129d0231be983b6397.md), Angel (../Inspirations/Inspirations/Angel%20e78051e24c8d47aaaa8b5d0bf7bf8d93.md), The Office (../Inspirations/Inspirations/The%20Office%20ff3a2fef6cac42b199eb43c00fa8849f.md), Foyle's War (../Inspirations/Inspirations/Foyle's%20War%209698e35a1cd140969f69eae29d7c3251.md), The Bible (../Inspirations/Inspirations/The%20Bible%2091163a390e974e0d9a3db1b7b2876d30.md), Jeeves and Wooster (../Inspirations/Inspirations/Jeeves%20and%20Wooster%2018658e628ba280b781bfcabd1d05cd5d.md), Duchess in Ruins (../Inspirations/Inspirations/Duchess%20in%20Ruins%201da58e628ba280fc9173d1f7d7680bf3.md), Surviving Romance (../Inspirations/Inspirations/Surviving%20Romance%2022858e628ba280fba349c779daae8c37.md)",,,High,TWOLD (../Data/Products/TWOLD%20e028aa0786f5449984a4f497c1d746fa.md),,"James as Risk Manager (../Solutions/James%20as%20Risk%20Manager%201d958e628ba280908cecc171379f6f4f.md), Adelle as a maid (../Solutions/Adelle%20as%20a%20maid%20e44bfe4304c44cfca11e22c29d2a08dd.md), Defer revealing Adelle’s name (../Solutions/Defer%20revealing%20Adelle%E2%80%99s%20name%2028258e628ba280aca5c4f3a1e156b954.md)",,4,0,,,,
Cozy horror,"Passover (../Data/Bible%20passages/Passover%2028f58e628ba28072a68bfe79c6fc5805.md), Rahab is spared (../Data/Bible%20passages/Rahab%20is%20spared%2028f58e628ba2801db739c818e9c112a5.md), Lot’s house (../Data/Bible%20passages/Lot%E2%80%99s%20house%2028f58e628ba280adb191e9ba4f737895.md), The Levite and his Concubine (../Data/Bible%20passages/The%20Levite%20and%20his%20Concubine%2028f58e628ba28075872acfa60e4f2441.md), Noah’s family in the Ark (../Data/Bible%20passages/Noah%E2%80%99s%20family%20in%20the%20Ark%2028f58e628ba280a4a60aeae658f9f247.md), Houses on sand and rock (../Data/Bible%20passages/Houses%20on%20sand%20and%20rock%2028f58e628ba28037ad02edd93bdaa716.md)",,,,,12,"Berserk (../Inspirations/Inspirations/Berserk%20377a5e04430a4874a6db4ee356807932.md), Angel (../Inspirations/Inspirations/Angel%20e78051e24c8d47aaaa8b5d0bf7bf8d93.md), Buffy the Vampire Slayer (../Inspirations/Inspirations/Buffy%20the%20Vampire%20Slayer%20422117fdf7ea42638ab43a679e512d1b.md), Dark Souls (../Inspirations/Inspirations/Dark%20Souls%204126541b1c124056b5dff756778cdba2.md), Neverwinter Nights (../Inspirations/Inspirations/Neverwinter%20Nights%20b1de5c0c474b4a9f96d7b652dcd30ece.md), Alan Wake (../Inspirations/Inspirations/Alan%20Wake%200e04bd5170f74a378ff7c68afe4843e3.md), Ash vs. the Evil Dead (../Inspirations/Inspirations/Ash%20vs%20the%20Evil%20Dead%206c3ea4b72e4e4e6e8f3474bbab490186.md), Top Ten Hammer Horrors of Michael Ripper (../Inspirations/Inspirations/Top%20Ten%20Hammer%20Horrors%20of%20Michael%20Ripper%20e654f2833b1a4d02b3d76251af2456ae.md), Big Trouble in Little China (../Inspirations/Inspirations/Big%20Trouble%20in%20Little%20China%200a1639ebedd74085b350e568bfab2e71.md), River City Girls (../Inspirations/Inspirations/River%20City%20Girls%2022a58e628ba280688bb9eae58590609a.md), Aliens (../Inspirations/Inspirations/Aliens%2028c58e628ba2801a919ce41fb9a52aaa.md), Yuuyami Doori Tankentai (../Inspirations/Inspirations/Yuuyami%20Doori%20Tankentai%202cf58e628ba280a5ae34c8d766cd2229.md)",,"Cozy (../Features/Cozy%2027e58e628ba280a889b9d93e442abcb8.md), Survival horror (../Features/Survival%20horror%20dc101b6438cf43a8b5f1e17212b8c950.md)",High,TWOLD (../Data/Products/TWOLD%20e028aa0786f5449984a4f497c1d746fa.md),,Friends and family dining together (../Solutions/Friends%20and%20family%20dining%20together%20841883629b3544f182d9ec275e8afecd.md),,4,0,,,,
Dependency,Abiding in the Vine (../Data/Bible%20passages/Abiding%20in%20the%20Vine%2028f58e628ba2803f8a12dcc57fcbbd85.md),,,,,8,"Naruto (../Inspirations/Inspirations/Naruto%20975a9a910773440b828e89f035a08d72.md), North and South (../Inspirations/Inspirations/North%20and%20South%20df777bdbbbdc49129d0231be983b6397.md), The Office (../Inspirations/Inspirations/The%20Office%20ff3a2fef6cac42b199eb43c00fa8849f.md), Jonathan Strange & Mr. Norrell (../Inspirations/Inspirations/Jonathan%20Strange%20&%20Mr%20Norrell%20ed711545bad14b739e7b27fb6ad5c1a3.md), The Strongest Florist (../Inspirations/Inspirations/The%20Strongest%20Florist%20b011de8d80e249d49813f6c923397117.md), Cursed Princess Club (../Inspirations/Inspirations/Cursed%20Princess%20Club%20bfb85a9b7ea74bc8a8d385d6519d1bcc.md), The Bible (../Inspirations/Inspirations/The%20Bible%2091163a390e974e0d9a3db1b7b2876d30.md), Surviving Romance (../Inspirations/Inspirations/Surviving%20Romance%2022858e628ba280fba349c779daae8c37.md)",,,Medium,TWOLD (../Data/Products/TWOLD%20e028aa0786f5449984a4f497c1d746fa.md),,Government dependent on unscrupulous businesses (../Solutions/Government%20dependent%20on%20unscrupulous%20businesses%20a885335b70ec43428826c18782d3e2e5.md),,2,0,,,,
Depictions of virtue,Bearing fruit (../Data/Bible%20passages/Bearing%20fruit%2028f58e628ba280a2a708ed04d334b21e.md),Hospitality (../Features/Hospitality%20cad51fd00b284dc094de3a19c1aed59c.md),,,,10,"Naruto (../Inspirations/Inspirations/Naruto%20975a9a910773440b828e89f035a08d72.md), Jane Austen (../Inspirations/Inspirations/Jane%20Austen%203e41441f25d94ebab2ee737d9815f33c.md), North and South (../Inspirations/Inspirations/North%20and%20South%20df777bdbbbdc49129d0231be983b6397.md), The Office (../Inspirations/Inspirations/The%20Office%20ff3a2fef6cac42b199eb43c00fa8849f.md), Foyle's War (../Inspirations/Inspirations/Foyle's%20War%209698e35a1cd140969f69eae29d7c3251.md), The Bible (../Inspirations/Inspirations/The%20Bible%2091163a390e974e0d9a3db1b7b2876d30.md), Duchess in Ruins (../Inspirations/Inspirations/Duchess%20in%20Ruins%201da58e628ba280fc9173d1f7d7680bf3.md), Surviving Romance (../Inspirations/Inspirations/Surviving%20Romance%2022858e628ba280fba349c779daae8c37.md), Cursed Princess Club (../Inspirations/Inspirations/Cursed%20Princess%20Club%20bfb85a9b7ea74bc8a8d385d6519d1bcc.md), Les Misérables (1998) (../Inspirations/Inspirations/Les%20Mis%C3%A9rables%20(1998)%2030eba33ec4bb436180ac254bb05ecb1b.md)",,,High,TWOLD (../Data/Products/TWOLD%20e028aa0786f5449984a4f497c1d746fa.md),,,,4,0,,,,
Surreal,,"Custom symbolism (../Features/Custom%20symbolism%2021a32bf8277a47d9ab0eb6d7cda2fcbf.md), Manic energy (../Features/Manic%20energy%2031db79f67d82432ca15cc17bbffb2bfd.md), Dreamlike (../Features/Dreamlike%20ce5b83035c894e0da2137f0584297c4d.md), Intuitive continuity (../Features/Intuitive%20continuity%2029458e628ba2809d980bf33a4949e9ea.md)",,,,34,"H. P. Lovecraft (../Inspirations/Inspirations/H%20P%20Lovecraft%208b960aeb87da4d2c816e0219335869e4.md), Tenkuu Shinpan (../Inspirations/Inspirations/Tenkuu%20Shinpan%20748ff563f82047c68c5bc3e6c8842598.md), Doom Patrol (2016) (../Inspirations/Inspirations/Doom%20Patrol%20(2016)%20513936adfeba4a2bad778646bcea5cce.md), Dark City (../Inspirations/Inspirations/Dark%20City%205a033978a93e45789ab3944344d619a3.md), Dark Souls (../Inspirations/Inspirations/Dark%20Souls%204126541b1c124056b5dff756778cdba2.md), Stranger Things (../Inspirations/Inspirations/Stranger%20Things%20d4c962a2859a4f14b6acfc4260514175.md), Mordheim (../Inspirations/Inspirations/Mordheim%20e6b55f683b5849d8a23bbbf0b219411b.md), Neverwinter Nights (../Inspirations/Inspirations/Neverwinter%20Nights%20b1de5c0c474b4a9f96d7b652dcd30ece.md), Alan Wake (../Inspirations/Inspirations/Alan%20Wake%200e04bd5170f74a378ff7c68afe4843e3.md), American McGee’s Alice (../Inspirations/Inspirations/American%20McGee%E2%80%99s%20Alice%202392ae8e06574413acc3590f1f416e24.md), Unforgiving - A Northern Hymn (../Inspirations/Inspirations/Unforgiving%20-%20A%20Northern%20Hymn%2096547461fbf64fbfb5f3a64d86e132c0.md), Sapphire and Steel (../Inspirations/Inspirations/Sapphire%20and%20Steel%20f4522f813fe047fe9cc7daef159bed6d.md), Batman (1989) (../Inspirations/Inspirations/Batman%20(1989)%20136bf2ccc849460a914cad03bb8dc541.md), The Evil Dead 2 (../Inspirations/Inspirations/The%20Evil%20Dead%202%2093629e42ee3a488c821794ec47db5374.md), Batman Returns (../Inspirations/Inspirations/Batman%20Returns%20bb12768ac7c14b5ab55779aa3729e99c.md), Ash vs. the Evil Dead (../Inspirations/Inspirations/Ash%20vs%20the%20Evil%20Dead%206c3ea4b72e4e4e6e8f3474bbab490186.md), Blasphemous (../Inspirations/Inspirations/Blasphemous%20d3bf4fbc9886450ba5a4709f61bf2920.md), Big Trouble in Little China (../Inspirations/Inspirations/Big%20Trouble%20in%20Little%20China%200a1639ebedd74085b350e568bfab2e71.md), Angel (../Inspirations/Inspirations/Angel%20e78051e24c8d47aaaa8b5d0bf7bf8d93.md), Buffy the Vampire Slayer (../Inspirations/Inspirations/Buffy%20the%20Vampire%20Slayer%20422117fdf7ea42638ab43a679e512d1b.md), The Great Muppet Caper (../Inspirations/Inspirations/The%20Great%20Muppet%20Caper%2015058e628ba280528132f64f29593742.md), Dilbert (../Inspirations/Inspirations/Dilbert%2015158e628ba280598922f8c0b88837c1.md), Gantz (../Inspirations/Inspirations/Gantz%20a24f02cf50174af3a4c065855e47ba14.md), Labyrinth (../Inspirations/Inspirations/Labyrinth%201d458e628ba280ba8976f66237b73d67.md), Surviving Romance (../Inspirations/Inspirations/Surviving%20Romance%2022858e628ba280fba349c779daae8c37.md), The Matrix (../Inspirations/Inspirations/The%20Matrix%2023058e628ba280c887e8f1e85aa43171.md), Alice in Wonderland (../Inspirations/Inspirations/Alice%20in%20Wonderland%20ca98e0e27dff4b77adff51cfedaca5ce.md), Alice: Madness Returns (../Inspirations/Inspirations/Alice%20Madness%20Returns%2008742474377d477e94a76e32db60a661.md), Discworld series (../Inspirations/Inspirations/Discworld%20series%20541909be433a442f8c7ed51c3ce5f0fc.md), Mieruko-chan (../Inspirations/Inspirations/Mieruko-chan%205c8abc58917a455381362cb19b9aed0b.md), River City Girls (../Inspirations/Inspirations/River%20City%20Girls%2022a58e628ba280688bb9eae58590609a.md), Cursed Princess Club (../Inspirations/Inspirations/Cursed%20Princess%20Club%20bfb85a9b7ea74bc8a8d385d6519d1bcc.md), The Strongest Florist (../Inspirations/Inspirations/The%20Strongest%20Florist%20b011de8d80e249d49813f6c923397117.md), Through the Looking Glass (../Inspirations/Inspirations/Through%20the%20Looking%20Glass%201d458e628ba280709ae1d7e3d15c2624.md)",,,High,TWOLD (../Data/Products/TWOLD%20e028aa0786f5449984a4f497c1d746fa.md),,,,4,0,,,,
God empowering sinners to do good,,,,,,2,"The Bible (../Inspirations/Inspirations/The%20Bible%2091163a390e974e0d9a3db1b7b2876d30.md), Unholy Blood (../Inspirations/Inspirations/Unholy%20Blood%2028458e628ba2802fb201d00c0bb8bcb9.md)",,,Medium,TWOLD (../Data/Products/TWOLD%20e028aa0786f5449984a4f497c1d746fa.md),,Adelle as a maid (../Solutions/Adelle%20as%20a%20maid%20e44bfe4304c44cfca11e22c29d2a08dd.md),,2,0,,,,
Family,,Family having fun together (../Features/Family%20having%20fun%20together%20043d2efa0315443da237fe73ec5e0a8a.md),,,,4,"Naruto (../Inspirations/Inspirations/Naruto%20975a9a910773440b828e89f035a08d72.md), Jane Austen (../Inspirations/Inspirations/Jane%20Austen%203e41441f25d94ebab2ee737d9815f33c.md), Ash vs. the Evil Dead (../Inspirations/Inspirations/Ash%20vs%20the%20Evil%20Dead%206c3ea4b72e4e4e6e8f3474bbab490186.md), Mieruko-chan (../Inspirations/Inspirations/Mieruko-chan%205c8abc58917a455381362cb19b9aed0b.md)",,,High,TWOLD (../Data/Products/TWOLD%20e028aa0786f5449984a4f497c1d746fa.md),,,,4,0,,,,
Frenemies,,,,,,0,,,,Low,TWOLD (../Data/Products/TWOLD%20e028aa0786f5449984a4f497c1d746fa.md),,,,1,0,,,,
Ideological contests,,,,,,10,"North and South (../Inspirations/Inspirations/North%20and%20South%20df777bdbbbdc49129d0231be983b6397.md), Cursed Princess Club (../Inspirations/Inspirations/Cursed%20Princess%20Club%20bfb85a9b7ea74bc8a8d385d6519d1bcc.md), Naruto (../Inspirations/Inspirations/Naruto%20975a9a910773440b828e89f035a08d72.md), Watchmen (../Inspirations/Inspirations/Watchmen%200985cb49b57f4b60bc959cfc391e7176.md), Unholy Blood (../Inspirations/Inspirations/Unholy%20Blood%2028458e628ba2802fb201d00c0bb8bcb9.md), Les Misérables (1998) (../Inspirations/Inspirations/Les%20Mis%C3%A9rables%20(1998)%2030eba33ec4bb436180ac254bb05ecb1b.md), Surviving Romance (../Inspirations/Inspirations/Surviving%20Romance%2022858e628ba280fba349c779daae8c37.md), The Matrix (../Inspirations/Inspirations/The%20Matrix%2023058e628ba280c887e8f1e85aa43171.md), RWBY (../Inspirations/Inspirations/RWBY%201a3cf03caeec4152824ae3c83bf8d476.md), Blasphemous (../Inspirations/Inspirations/Blasphemous%20d3bf4fbc9886450ba5a4709f61bf2920.md)",,,High,TWOLD (../Data/Products/TWOLD%20e028aa0786f5449984a4f497c1d746fa.md),,,,4,0,,,,
Irony,,,,,,16,"Angel (../Inspirations/Inspirations/Angel%20e78051e24c8d47aaaa8b5d0bf7bf8d93.md), Buffy the Vampire Slayer (../Inspirations/Inspirations/Buffy%20the%20Vampire%20Slayer%20422117fdf7ea42638ab43a679e512d1b.md), X-Factor Investigations (../Inspirations/Inspirations/X-Factor%20Investigations%204496354c9e3f44f1939e87dd7ef8abf9.md), The Strongest Florist (../Inspirations/Inspirations/The%20Strongest%20Florist%20b011de8d80e249d49813f6c923397117.md), Cursed Princess Club (../Inspirations/Inspirations/Cursed%20Princess%20Club%20bfb85a9b7ea74bc8a8d385d6519d1bcc.md), Justice League America (International) (../Inspirations/Inspirations/Justice%20League%20America%20(International)%207371ab44a1864032bae75dc0cd3da4ee.md), Alice in Wonderland (../Inspirations/Inspirations/Alice%20in%20Wonderland%20ca98e0e27dff4b77adff51cfedaca5ce.md), Jane Austen (../Inspirations/Inspirations/Jane%20Austen%203e41441f25d94ebab2ee737d9815f33c.md), The Bible (../Inspirations/Inspirations/The%20Bible%2091163a390e974e0d9a3db1b7b2876d30.md), Watchmen (../Inspirations/Inspirations/Watchmen%200985cb49b57f4b60bc959cfc391e7176.md), The Evil Dead 2 (../Inspirations/Inspirations/The%20Evil%20Dead%202%2093629e42ee3a488c821794ec47db5374.md), Ash vs. the Evil Dead (../Inspirations/Inspirations/Ash%20vs%20the%20Evil%20Dead%206c3ea4b72e4e4e6e8f3474bbab490186.md), Through the Looking Glass (../Inspirations/Inspirations/Through%20the%20Looking%20Glass%201d458e628ba280709ae1d7e3d15c2624.md), Surviving Romance (../Inspirations/Inspirations/Surviving%20Romance%2022858e628ba280fba349c779daae8c37.md), Big Trouble in Little China (../Inspirations/Inspirations/Big%20Trouble%20in%20Little%20China%200a1639ebedd74085b350e568bfab2e71.md), River City Girls (../Inspirations/Inspirations/River%20City%20Girls%2022a58e628ba280688bb9eae58590609a.md)",,,Medium,TWOLD (../Data/Products/TWOLD%20e028aa0786f5449984a4f497c1d746fa.md),,"Initially present the Bear as a shadowy figure (../Solutions/Initially%20present%20the%20Bear%20as%20a%20shadowy%20figure%202aa58e628ba280b98884fd832e656357.md), Defer revealing Adelle’s name (../Solutions/Defer%20revealing%20Adelle%E2%80%99s%20name%2028258e628ba280aca5c4f3a1e156b954.md), A priest friend who forsakes Nivana (../Solutions/A%20priest%20friend%20who%20forsakes%20Nivana%202aa58e628ba2807fb550fe23d1424694.md)",,2,0,,,,
Isolation,,,,,,20,"H. P. Lovecraft (../Inspirations/Inspirations/H%20P%20Lovecraft%208b960aeb87da4d2c816e0219335869e4.md), Alan Wake (../Inspirations/Inspirations/Alan%20Wake%200e04bd5170f74a378ff7c68afe4843e3.md), In the Mouth of Madness (../Inspirations/Inspirations/In%20the%20Mouth%20of%20Madness%203a3a45e2b9d4455e94e3101a5eafa8ae.md), Paprika Opening (../Inspirations/Inspirations/Paprika%20Opening%20ef876f9318794798b9f08c669615c3dd.md), Berserk (../Inspirations/Inspirations/Berserk%20377a5e04430a4874a6db4ee356807932.md), Dark Souls (../Inspirations/Inspirations/Dark%20Souls%204126541b1c124056b5dff756778cdba2.md), Alice: Madness Returns (../Inspirations/Inspirations/Alice%20Madness%20Returns%2008742474377d477e94a76e32db60a661.md), Dark City (../Inspirations/Inspirations/Dark%20City%205a033978a93e45789ab3944344d619a3.md), Tenkuu Shinpan (../Inspirations/Inspirations/Tenkuu%20Shinpan%20748ff563f82047c68c5bc3e6c8842598.md), The Evil Dead 2 (../Inspirations/Inspirations/The%20Evil%20Dead%202%2093629e42ee3a488c821794ec47db5374.md), Mieruko-chan (../Inspirations/Inspirations/Mieruko-chan%205c8abc58917a455381362cb19b9aed0b.md), American McGee’s Alice (../Inspirations/Inspirations/American%20McGee%E2%80%99s%20Alice%202392ae8e06574413acc3590f1f416e24.md), Unforgiving - A Northern Hymn (../Inspirations/Inspirations/Unforgiving%20-%20A%20Northern%20Hymn%2096547461fbf64fbfb5f3a64d86e132c0.md), Labyrinth (../Inspirations/Inspirations/Labyrinth%201d458e628ba280ba8976f66237b73d67.md), Alice in Wonderland (../Inspirations/Inspirations/Alice%20in%20Wonderland%20ca98e0e27dff4b77adff51cfedaca5ce.md), Through the Looking Glass (../Inspirations/Inspirations/Through%20the%20Looking%20Glass%201d458e628ba280709ae1d7e3d15c2624.md), Surviving Romance (../Inspirations/Inspirations/Surviving%20Romance%2022858e628ba280fba349c779daae8c37.md), The Matrix (../Inspirations/Inspirations/The%20Matrix%2023058e628ba280c887e8f1e85aa43171.md), Unholy Blood (../Inspirations/Inspirations/Unholy%20Blood%2028458e628ba2802fb201d00c0bb8bcb9.md), Silent Hill (../Inspirations/Inspirations/Silent%20Hill%202a458e628ba28059b174ede173d12c5f.md)",,,Medium,TWOLD (../Data/Products/TWOLD%20e028aa0786f5449984a4f497c1d746fa.md),,,Wonderland,2,1,,,,
Family provision,,James’ job (../Features/James%E2%80%99%20job%201e3a028f3cd8477ba69306ef8654f553.md),,,,4,"Spider-Man (Renew Your Vows) (../Inspirations/Inspirations/Spider-Man%20(Renew%20Your%20Vows)%20939509d82a034b0b979e4eb1dbb1d794.md), The Office (../Inspirations/Inspirations/The%20Office%20ff3a2fef6cac42b199eb43c00fa8849f.md), Jonathan Strange & Mr. Norrell (../Inspirations/Inspirations/Jonathan%20Strange%20&%20Mr%20Norrell%20ed711545bad14b739e7b27fb6ad5c1a3.md), The Strongest Florist (../Inspirations/Inspirations/The%20Strongest%20Florist%20b011de8d80e249d49813f6c923397117.md)",,,Medium,TWOLD (../Data/Products/TWOLD%20e028aa0786f5449984a4f497c1d746fa.md),,Nivana supporting her sister (../Solutions/Nivana%20supporting%20her%20sister%202aa58e628ba2801bbbdaef7a7af37013.md),,2,0,,,,
Mystery,,,,,,12,"H. P. Lovecraft (../Inspirations/Inspirations/H%20P%20Lovecraft%208b960aeb87da4d2c816e0219335869e4.md), Alan Wake (../Inspirations/Inspirations/Alan%20Wake%200e04bd5170f74a378ff7c68afe4843e3.md), Sapphire and Steel (../Inspirations/Inspirations/Sapphire%20and%20Steel%20f4522f813fe047fe9cc7daef159bed6d.md), Cursed Princess Club (../Inspirations/Inspirations/Cursed%20Princess%20Club%20bfb85a9b7ea74bc8a8d385d6519d1bcc.md), Stranger Things (../Inspirations/Inspirations/Stranger%20Things%20d4c962a2859a4f14b6acfc4260514175.md), Tenkuu Shinpan (../Inspirations/Inspirations/Tenkuu%20Shinpan%20748ff563f82047c68c5bc3e6c8842598.md), Gantz (../Inspirations/Inspirations/Gantz%20a24f02cf50174af3a4c065855e47ba14.md), Unforgiving - A Northern Hymn (../Inspirations/Inspirations/Unforgiving%20-%20A%20Northern%20Hymn%2096547461fbf64fbfb5f3a64d86e132c0.md), Unholy Blood (../Inspirations/Inspirations/Unholy%20Blood%2028458e628ba2802fb201d00c0bb8bcb9.md), Aliens (../Inspirations/Inspirations/Aliens%2028c58e628ba2801a919ce41fb9a52aaa.md), Silent Hill (../Inspirations/Inspirations/Silent%20Hill%202a458e628ba28059b174ede173d12c5f.md), Yuuyami Doori Tankentai (../Inspirations/Inspirations/Yuuyami%20Doori%20Tankentai%202cf58e628ba280a5ae34c8d766cd2229.md)",,,Medium,TWOLD (../Data/Products/TWOLD%20e028aa0786f5449984a4f497c1d746fa.md),,"Initially shroud the Asylum job in mystery (../Solutions/Initially%20shroud%20the%20Asylum%20job%20in%20mystery%201d958e628ba2805a96a9f094a30740bb.md), Questioning what is actually outside the Asylum (../Solutions/Questioning%20what%20is%20actually%20outside%20the%20Asylum%2024858e628ba280fd9cc8cb7f9fd46725.md), Initially present the Bear as a shadowy figure (../Solutions/Initially%20present%20the%20Bear%20as%20a%20shadowy%20figure%202aa58e628ba280b98884fd832e656357.md)",,2,0,,,,
Spectacular climax,,,,,,4,"Naruto (../Inspirations/Inspirations/Naruto%20975a9a910773440b828e89f035a08d72.md), Cursed Princess Club (../Inspirations/Inspirations/Cursed%20Princess%20Club%20bfb85a9b7ea74bc8a8d385d6519d1bcc.md), Stranger Things (../Inspirations/Inspirations/Stranger%20Things%20d4c962a2859a4f14b6acfc4260514175.md), Aliens (../Inspirations/Inspirations/Aliens%2028c58e628ba2801a919ce41fb9a52aaa.md)",,,Low,TWOLD (../Data/Products/TWOLD%20e028aa0786f5449984a4f497c1d746fa.md),,,,1,0,,,,
Feminine duties,,Hospitality (../Features/Hospitality%20cad51fd00b284dc094de3a19c1aed59c.md),,,,4,"North and South (../Inspirations/Inspirations/North%20and%20South%20df777bdbbbdc49129d0231be983b6397.md), Jonathan Strange & Mr. Norrell (../Inspirations/Inspirations/Jonathan%20Strange%20&%20Mr%20Norrell%20ed711545bad14b739e7b27fb6ad5c1a3.md), Duchess in Ruins (../Inspirations/Inspirations/Duchess%20in%20Ruins%201da58e628ba280fc9173d1f7d7680bf3.md), Cursed Princess Club (../Inspirations/Inspirations/Cursed%20Princess%20Club%20bfb85a9b7ea74bc8a8d385d6519d1bcc.md)",,,Medium,TWOLD (../Data/Products/TWOLD%20e028aa0786f5449984a4f497c1d746fa.md),,"Adelle as a Barista (../Solutions/Adelle%20as%20a%20Barista%201d858e628ba280d9bac1cc43140ce0b9.md), Wife home healthcare (../Solutions/Wife%20home%20healthcare%2020f58e628ba2801f881dd9cb0885a89b.md), Adelle jobs (../Solutions/Adelle%20jobs%2027e58e628ba280cfa819e0af62452435.md), Making everywhere home (../Solutions/Making%20everywhere%20home%20b97c110b9e18473da0d59eaa31a7aa96.md), Adelle as a Seamstress (../Solutions/Adelle%20as%20a%20Seamstress%2028058e628ba28085be5bc2bd12c68bbb.md)",,2,0,,,,
A wholesome marriage is beautiful,,,,,,4,"Jane Austen (../Inspirations/Inspirations/Jane%20Austen%203e41441f25d94ebab2ee737d9815f33c.md), Spider-Man (Renew Your Vows) (../Inspirations/Inspirations/Spider-Man%20(Renew%20Your%20Vows)%20939509d82a034b0b979e4eb1dbb1d794.md), Jonathan Strange & Mr. Norrell (../Inspirations/Inspirations/Jonathan%20Strange%20&%20Mr%20Norrell%20ed711545bad14b739e7b27fb6ad5c1a3.md), The Office (../Inspirations/Inspirations/The%20Office%20ff3a2fef6cac42b199eb43c00fa8849f.md)",,,High,TWOLD (../Data/Products/TWOLD%20e028aa0786f5449984a4f497c1d746fa.md),,Suffering softened by marriage (../Solutions/Suffering%20softened%20by%20marriage%2040648921533242b3b7695a3f120931ee.md),,4,0,,,,
Shared crisis,,,,,,2,"Stranger Things (../Inspirations/Inspirations/Stranger%20Things%20d4c962a2859a4f14b6acfc4260514175.md), Surviving Romance (../Inspirations/Inspirations/Surviving%20Romance%2022858e628ba280fba349c779daae8c37.md)",,,Low,TWOLD (../Data/Products/TWOLD%20e028aa0786f5449984a4f497c1d746fa.md),,,,1,0,,,,
Magic and gender conflict,,,,,,1,The Wheel of Time (../Inspirations/Inspirations/The%20Wheel%20of%20Time%205f8c9f03a30b4aa4bbc33d70558079a1.md),,,Low,TWOLD (../Data/Products/TWOLD%20e028aa0786f5449984a4f497c1d746fa.md),,,,1,0,,,,
Rag tag band of friends,,,,,,14,"Berserk (../Inspirations/Inspirations/Berserk%20377a5e04430a4874a6db4ee356807932.md), Justice League America (International) (../Inspirations/Inspirations/Justice%20League%20America%20(International)%207371ab44a1864032bae75dc0cd3da4ee.md), X-Factor Investigations (../Inspirations/Inspirations/X-Factor%20Investigations%204496354c9e3f44f1939e87dd7ef8abf9.md), Angel (../Inspirations/Inspirations/Angel%20e78051e24c8d47aaaa8b5d0bf7bf8d93.md), Buffy the Vampire Slayer (../Inspirations/Inspirations/Buffy%20the%20Vampire%20Slayer%20422117fdf7ea42638ab43a679e512d1b.md), RWBY (../Inspirations/Inspirations/RWBY%201a3cf03caeec4152824ae3c83bf8d476.md), Stranger Things (../Inspirations/Inspirations/Stranger%20Things%20d4c962a2859a4f14b6acfc4260514175.md), Ash vs. the Evil Dead (../Inspirations/Inspirations/Ash%20vs%20the%20Evil%20Dead%206c3ea4b72e4e4e6e8f3474bbab490186.md), Guardians of the Galaxy (2008) (../Inspirations/Inspirations/Guardians%20of%20the%20Galaxy%20(2008)%206266105a80734554b40460f4ba6400d8.md), Labyrinth (../Inspirations/Inspirations/Labyrinth%201d458e628ba280ba8976f66237b73d67.md), Big Trouble in Little China (../Inspirations/Inspirations/Big%20Trouble%20in%20Little%20China%200a1639ebedd74085b350e568bfab2e71.md), Aliens (../Inspirations/Inspirations/Aliens%2028c58e628ba2801a919ce41fb9a52aaa.md), Naruto (../Inspirations/Inspirations/Naruto%20975a9a910773440b828e89f035a08d72.md), River City Girls (../Inspirations/Inspirations/River%20City%20Girls%2022a58e628ba280688bb9eae58590609a.md)",,,Medium,TWOLD (../Data/Products/TWOLD%20e028aa0786f5449984a4f497c1d746fa.md),,,,2,0,,,,
Survival horror,,Cozy horror (../Features/Cozy%20horror%20e5cc80dc61ed4c629951cdf472b20b7a.md),,,,12,"The Walking Dead (../Inspirations/Inspirations/The%20Walking%20Dead%201d28d505f48f437d8501aa594f07c6cb.md), Tenkuu Shinpan (../Inspirations/Inspirations/Tenkuu%20Shinpan%20748ff563f82047c68c5bc3e6c8842598.md), Berserk (../Inspirations/Inspirations/Berserk%20377a5e04430a4874a6db4ee356807932.md), Gantz (../Inspirations/Inspirations/Gantz%20a24f02cf50174af3a4c065855e47ba14.md), The Evil Dead 2 (../Inspirations/Inspirations/The%20Evil%20Dead%202%2093629e42ee3a488c821794ec47db5374.md), Alan Wake (../Inspirations/Inspirations/Alan%20Wake%200e04bd5170f74a378ff7c68afe4843e3.md), Ash vs. the Evil Dead (../Inspirations/Inspirations/Ash%20vs%20the%20Evil%20Dead%206c3ea4b72e4e4e6e8f3474bbab490186.md), Surviving Romance (../Inspirations/Inspirations/Surviving%20Romance%2022858e628ba280fba349c779daae8c37.md), Unholy Blood (../Inspirations/Inspirations/Unholy%20Blood%2028458e628ba2802fb201d00c0bb8bcb9.md), RWBY (../Inspirations/Inspirations/RWBY%201a3cf03caeec4152824ae3c83bf8d476.md), Aliens (../Inspirations/Inspirations/Aliens%2028c58e628ba2801a919ce41fb9a52aaa.md), Silent Hill (../Inspirations/Inspirations/Silent%20Hill%202a458e628ba28059b174ede173d12c5f.md)",,,High,TWOLD (../Data/Products/TWOLD%20e028aa0786f5449984a4f497c1d746fa.md),,,,4,0,,,,
Satire,,,,,,7,"The Strongest Florist (../Inspirations/Inspirations/The%20Strongest%20Florist%20b011de8d80e249d49813f6c923397117.md), Cursed Princess Club (../Inspirations/Inspirations/Cursed%20Princess%20Club%20bfb85a9b7ea74bc8a8d385d6519d1bcc.md), The Office (../Inspirations/Inspirations/The%20Office%20ff3a2fef6cac42b199eb43c00fa8849f.md), Justice League America (International) (../Inspirations/Inspirations/Justice%20League%20America%20(International)%207371ab44a1864032bae75dc0cd3da4ee.md), Dilbert (../Inspirations/Inspirations/Dilbert%2015158e628ba280598922f8c0b88837c1.md), Jeeves and Wooster (../Inspirations/Inspirations/Jeeves%20and%20Wooster%2018658e628ba280b781bfcabd1d05cd5d.md), River City Girls (../Inspirations/Inspirations/River%20City%20Girls%2022a58e628ba280688bb9eae58590609a.md)",,,Low,TWOLD (../Data/Products/TWOLD%20e028aa0786f5449984a4f497c1d746fa.md),,,,1,0,,,,
Submission to authority,"Jeremiah honoring captors (../Data/Bible%20passages/Jeremiah%20honoring%20captors%2028f58e628ba2807ab903cb6654e5a94a.md), Submit to authorities (../Data/Bible%20passages/Submit%20to%20authorities%2028f58e628ba2807ebb22f81f5e9f2670.md)",Wife submitted to husband (../Features/Wife%20submitted%20to%20husband%202a2578582cab480b945c275e41ee9995.md),,,,1,Duchess in Ruins (../Inspirations/Inspirations/Duchess%20in%20Ruins%201da58e628ba280fc9173d1f7d7680bf3.md),,,High,TWOLD (../Data/Products/TWOLD%20e028aa0786f5449984a4f497c1d746fa.md),,,,4,0,,,,
Wife submitted to husband,,,,,,2,"Jonathan Strange & Mr. Norrell (../Inspirations/Inspirations/Jonathan%20Strange%20&%20Mr%20Norrell%20ed711545bad14b739e7b27fb6ad5c1a3.md), Duchess in Ruins (../Inspirations/Inspirations/Duchess%20in%20Ruins%201da58e628ba280fc9173d1f7d7680bf3.md)",,Submission to authority (../Features/Submission%20to%20authority%20c04c6c883dce4d98ac0fbe40efb805b6.md),Low,TWOLD (../Data/Products/TWOLD%20e028aa0786f5449984a4f497c1d746fa.md),,,,1,0,,,,
Absurd work situations,,,,,,2,"Guardians of the Galaxy (2008) (../Inspirations/Inspirations/Guardians%20of%20the%20Galaxy%20(2008)%206266105a80734554b40460f4ba6400d8.md), Dilbert (../Inspirations/Inspirations/Dilbert%2015158e628ba280598922f8c0b88837c1.md)",,,Low,TWOLD (../Data/Products/TWOLD%20e028aa0786f5449984a4f497c1d746fa.md),,,,1,0,,,,
Cursed by manifestations of their sin,,,,,,14,"Blasphemous (../Inspirations/Inspirations/Blasphemous%20d3bf4fbc9886450ba5a4709f61bf2920.md), The Witcher (../Inspirations/Inspirations/The%20Witcher%20d52418cdc33d47ba8c64bc60adabd302.md), Dark Souls (../Inspirations/Inspirations/Dark%20Souls%204126541b1c124056b5dff756778cdba2.md), Berserk (../Inspirations/Inspirations/Berserk%20377a5e04430a4874a6db4ee356807932.md), Alice: Madness Returns (../Inspirations/Inspirations/Alice%20Madness%20Returns%2008742474377d477e94a76e32db60a661.md), Mieruko-chan (../Inspirations/Inspirations/Mieruko-chan%205c8abc58917a455381362cb19b9aed0b.md), Alan Wake (../Inspirations/Inspirations/Alan%20Wake%200e04bd5170f74a378ff7c68afe4843e3.md), The Wheel of Time (../Inspirations/Inspirations/The%20Wheel%20of%20Time%205f8c9f03a30b4aa4bbc33d70558079a1.md), American McGee’s Alice (../Inspirations/Inspirations/American%20McGee%E2%80%99s%20Alice%202392ae8e06574413acc3590f1f416e24.md), Mordheim (../Inspirations/Inspirations/Mordheim%20e6b55f683b5849d8a23bbbf0b219411b.md), Unforgiving - A Northern Hymn (../Inspirations/Inspirations/Unforgiving%20-%20A%20Northern%20Hymn%2096547461fbf64fbfb5f3a64d86e132c0.md), Unholy Blood (../Inspirations/Inspirations/Unholy%20Blood%2028458e628ba2802fb201d00c0bb8bcb9.md), Silent Hill (../Inspirations/Inspirations/Silent%20Hill%202a458e628ba28059b174ede173d12c5f.md), Yuuyami Doori Tankentai (../Inspirations/Inspirations/Yuuyami%20Doori%20Tankentai%202cf58e628ba280a5ae34c8d766cd2229.md)",,Folklore (../Features/Folklore%20b9b9e0b8df614e64bae9bf2ec5b048a2.md),Medium,TWOLD (../Data/Products/TWOLD%20e028aa0786f5449984a4f497c1d746fa.md),,Corruption of the Matron (../Solutions/Corruption%20of%20the%20Matron%2028258e628ba2802b8fcee19250ceaeea.md),,2,0,,,,
The Agency,,,,,,6,"Supernatural (../Inspirations/Inspirations/Supernatural%20996146bcd7f043f0a2f91fe83c4321c0.md), The Strongest Florist (../Inspirations/Inspirations/The%20Strongest%20Florist%20b011de8d80e249d49813f6c923397117.md), The Witcher (../Inspirations/Inspirations/The%20Witcher%20d52418cdc33d47ba8c64bc60adabd302.md), The Office (../Inspirations/Inspirations/The%20Office%20ff3a2fef6cac42b199eb43c00fa8849f.md), Guardians of the Galaxy (2008) (../Inspirations/Inspirations/Guardians%20of%20the%20Galaxy%20(2008)%206266105a80734554b40460f4ba6400d8.md), Justice League America (International) (../Inspirations/Inspirations/Justice%20League%20America%20(International)%207371ab44a1864032bae75dc0cd3da4ee.md)",,,Medium,TWOLD (../Data/Products/TWOLD%20e028aa0786f5449984a4f497c1d746fa.md),,,,2,0,,,,
Heart warming horror,,,,,,6,"Mieruko-chan (../Inspirations/Inspirations/Mieruko-chan%205c8abc58917a455381362cb19b9aed0b.md), Cursed Princess Club (../Inspirations/Inspirations/Cursed%20Princess%20Club%20bfb85a9b7ea74bc8a8d385d6519d1bcc.md), Surviving Romance (../Inspirations/Inspirations/Surviving%20Romance%2022858e628ba280fba349c779daae8c37.md), Unholy Blood (../Inspirations/Inspirations/Unholy%20Blood%2028458e628ba2802fb201d00c0bb8bcb9.md), Aliens (../Inspirations/Inspirations/Aliens%2028c58e628ba2801a919ce41fb9a52aaa.md), Yuuyami Doori Tankentai (../Inspirations/Inspirations/Yuuyami%20Doori%20Tankentai%202cf58e628ba280a5ae34c8d766cd2229.md)",,,Low,TWOLD (../Data/Products/TWOLD%20e028aa0786f5449984a4f497c1d746fa.md),,,,1,0,,,,
Supernatural forces few people can see,,,,,,15,"Mieruko-chan (../Inspirations/Inspirations/Mieruko-chan%205c8abc58917a455381362cb19b9aed0b.md), Ash vs. the Evil Dead (../Inspirations/Inspirations/Ash%20vs%20the%20Evil%20Dead%206c3ea4b72e4e4e6e8f3474bbab490186.md), Berserk (../Inspirations/Inspirations/Berserk%20377a5e04430a4874a6db4ee356807932.md), Angel (../Inspirations/Inspirations/Angel%20e78051e24c8d47aaaa8b5d0bf7bf8d93.md), Buffy the Vampire Slayer (../Inspirations/Inspirations/Buffy%20the%20Vampire%20Slayer%20422117fdf7ea42638ab43a679e512d1b.md), Gantz (../Inspirations/Inspirations/Gantz%20a24f02cf50174af3a4c065855e47ba14.md), In the Mouth of Madness (../Inspirations/Inspirations/In%20the%20Mouth%20of%20Madness%203a3a45e2b9d4455e94e3101a5eafa8ae.md), Jonathan Strange & Mr. Norrell (../Inspirations/Inspirations/Jonathan%20Strange%20&%20Mr%20Norrell%20ed711545bad14b739e7b27fb6ad5c1a3.md), Supernatural (../Inspirations/Inspirations/Supernatural%20996146bcd7f043f0a2f91fe83c4321c0.md), Paprika Opening (../Inspirations/Inspirations/Paprika%20Opening%20ef876f9318794798b9f08c669615c3dd.md), Sapphire and Steel (../Inspirations/Inspirations/Sapphire%20and%20Steel%20f4522f813fe047fe9cc7daef159bed6d.md), Stranger Things (../Inspirations/Inspirations/Stranger%20Things%20d4c962a2859a4f14b6acfc4260514175.md), Alan Wake (../Inspirations/Inspirations/Alan%20Wake%200e04bd5170f74a378ff7c68afe4843e3.md), Doctor Who (../Inspirations/Inspirations/Doctor%20Who%2027d58e628ba28012bd49c9bb9d4e613f.md), Yuuyami Doori Tankentai (../Inspirations/Inspirations/Yuuyami%20Doori%20Tankentai%202cf58e628ba280a5ae34c8d766cd2229.md)",,,Low,TWOLD (../Data/Products/TWOLD%20e028aa0786f5449984a4f497c1d746fa.md),,,,1,0,,,,
Hidden monsters living amongst us,,,,,,8,"Mieruko-chan (../Inspirations/Inspirations/Mieruko-chan%205c8abc58917a455381362cb19b9aed0b.md), Angel (../Inspirations/Inspirations/Angel%20e78051e24c8d47aaaa8b5d0bf7bf8d93.md), Buffy the Vampire Slayer (../Inspirations/Inspirations/Buffy%20the%20Vampire%20Slayer%20422117fdf7ea42638ab43a679e512d1b.md), Supernatural (../Inspirations/Inspirations/Supernatural%20996146bcd7f043f0a2f91fe83c4321c0.md), Stranger Things (../Inspirations/Inspirations/Stranger%20Things%20d4c962a2859a4f14b6acfc4260514175.md), The Witcher (../Inspirations/Inspirations/The%20Witcher%20d52418cdc33d47ba8c64bc60adabd302.md), Unholy Blood (../Inspirations/Inspirations/Unholy%20Blood%2028458e628ba2802fb201d00c0bb8bcb9.md), Yuuyami Doori Tankentai (../Inspirations/Inspirations/Yuuyami%20Doori%20Tankentai%202cf58e628ba280a5ae34c8d766cd2229.md)",,Folklore (../Features/Folklore%20b9b9e0b8df614e64bae9bf2ec5b048a2.md),Low,TWOLD (../Data/Products/TWOLD%20e028aa0786f5449984a4f497c1d746fa.md),,,,1,0,,,,
Folklore,,"Forest folk using tradition to survive (../Features/Forest%20folk%20using%20tradition%20to%20survive%20288b9c1e94284ec1a6f948f8fe407ec5.md), Hidden monsters living amongst us (../Features/Hidden%20monsters%20living%20amongst%20us%20c2e7213525474f8bb2f8718d0f6cb2f1.md), Cursed by manifestations of their sin (../Features/Cursed%20by%20manifestations%20of%20their%20sin%20e6b7f4b5115f49f18d304c4660f5cbfb.md)",,,,3,"Unforgiving - A Northern Hymn (../Inspirations/Inspirations/Unforgiving%20-%20A%20Northern%20Hymn%2096547461fbf64fbfb5f3a64d86e132c0.md), Big Trouble in Little China (../Inspirations/Inspirations/Big%20Trouble%20in%20Little%20China%200a1639ebedd74085b350e568bfab2e71.md), Yuuyami Doori Tankentai (../Inspirations/Inspirations/Yuuyami%20Doori%20Tankentai%202cf58e628ba280a5ae34c8d766cd2229.md)",,,Medium,TWOLD (../Data/Products/TWOLD%20e028aa0786f5449984a4f497c1d746fa.md),,,,2,0,,,,
Dark forest,,,,,,9,"The Witcher (../Inspirations/Inspirations/The%20Witcher%20d52418cdc33d47ba8c64bc60adabd302.md), Alice in Wonderland (../Inspirations/Inspirations/Alice%20in%20Wonderland%20ca98e0e27dff4b77adff51cfedaca5ce.md), Ash vs. the Evil Dead (../Inspirations/Inspirations/Ash%20vs%20the%20Evil%20Dead%206c3ea4b72e4e4e6e8f3474bbab490186.md), The Evil Dead 2 (../Inspirations/Inspirations/The%20Evil%20Dead%202%2093629e42ee3a488c821794ec47db5374.md), Alan Wake (../Inspirations/Inspirations/Alan%20Wake%200e04bd5170f74a378ff7c68afe4843e3.md), Unforgiving - A Northern Hymn (../Inspirations/Inspirations/Unforgiving%20-%20A%20Northern%20Hymn%2096547461fbf64fbfb5f3a64d86e132c0.md), Through the Looking Glass (../Inspirations/Inspirations/Through%20the%20Looking%20Glass%201d458e628ba280709ae1d7e3d15c2624.md), Yuuyami Doori Tankentai (../Inspirations/Inspirations/Yuuyami%20Doori%20Tankentai%202cf58e628ba280a5ae34c8d766cd2229.md), The Strongest Florist (../Inspirations/Inspirations/The%20Strongest%20Florist%20b011de8d80e249d49813f6c923397117.md)",,,High,TWOLD (../Data/Products/TWOLD%20e028aa0786f5449984a4f497c1d746fa.md),,,,4,0,,,,
Dangerous city,,,,,,7,"Mordheim (../Inspirations/Inspirations/Mordheim%20e6b55f683b5849d8a23bbbf0b219411b.md), Dark City (../Inspirations/Inspirations/Dark%20City%205a033978a93e45789ab3944344d619a3.md), Neverwinter Nights (../Inspirations/Inspirations/Neverwinter%20Nights%20b1de5c0c474b4a9f96d7b652dcd30ece.md), Discworld series (../Inspirations/Inspirations/Discworld%20series%20541909be433a442f8c7ed51c3ce5f0fc.md), Big Trouble in Little China (../Inspirations/Inspirations/Big%20Trouble%20in%20Little%20China%200a1639ebedd74085b350e568bfab2e71.md), River City Girls (../Inspirations/Inspirations/River%20City%20Girls%2022a58e628ba280688bb9eae58590609a.md), Unholy Blood (../Inspirations/Inspirations/Unholy%20Blood%2028458e628ba2802fb201d00c0bb8bcb9.md)",,,Low,TWOLD (../Data/Products/TWOLD%20e028aa0786f5449984a4f497c1d746fa.md),,Dangerous commute (../Solutions/Dangerous%20commute%2015258e628ba280309ab4d3d30701427b.md),,1,0,,,,
Non-magical expertise,,,,,,1,"Untitled (https://www.notion.so/0a76666792964c1bad46a2e5656ab62e?pvs=21), Buffy the Vampire Slayer (../Inspirations/Inspirations/Buffy%20the%20Vampire%20Slayer%20422117fdf7ea42638ab43a679e512d1b.md)",,,Low,TWOLD (../Data/Products/TWOLD%20e028aa0786f5449984a4f497c1d746fa.md),,,,1,0,,,,
Vigilent guardian,,,,,,2,"The Wheel of Time (../Inspirations/Inspirations/The%20Wheel%20of%20Time%205f8c9f03a30b4aa4bbc33d70558079a1.md), Aliens (../Inspirations/Inspirations/Aliens%2028c58e628ba2801a919ce41fb9a52aaa.md)",,,Low,TWOLD (../Data/Products/TWOLD%20e028aa0786f5449984a4f497c1d746fa.md),,,,1,0,,,,
A city facing divine wrath,,,,,,2,"Mordheim (../Inspirations/Inspirations/Mordheim%20e6b55f683b5849d8a23bbbf0b219411b.md), Neverwinter Nights (../Inspirations/Inspirations/Neverwinter%20Nights%20b1de5c0c474b4a9f96d7b652dcd30ece.md)",,,Low,TWOLD (../Data/Products/TWOLD%20e028aa0786f5449984a4f497c1d746fa.md),,,,1,0,,,,
Hospitality,,,,,,3,"Cursed Princess Club (../Inspirations/Inspirations/Cursed%20Princess%20Club%20bfb85a9b7ea74bc8a8d385d6519d1bcc.md), Pride and Prejudice (../Inspirations/Inspirations/Pride%20and%20Prejudice%2013758e628ba2807798bbc04ae550da36.md), Duchess in Ruins (../Inspirations/Inspirations/Duchess%20in%20Ruins%201da58e628ba280fc9173d1f7d7680bf3.md)",,"Depictions of virtue (../Features/Depictions%20of%20virtue%20d3f3b663de9446b0aff4183df49926e3.md), Feminine duties (../Features/Feminine%20duties%20dda5bbf7da044e799df53801b873a5c6.md)",High,TWOLD (../Data/Products/TWOLD%20e028aa0786f5449984a4f497c1d746fa.md),,,,4,0,,,,
Constrained intellectual energy,,,,,,6,"Top Ten Horror Films of Peter Cushing (../Inspirations/Inspirations/Top%20Ten%20Horror%20Films%20of%20Peter%20Cushing%20580ad5ba6efc451b9814d0d205acabb3.md), Les Misérables (1998) (../Inspirations/Inspirations/Les%20Mis%C3%A9rables%20(1998)%2030eba33ec4bb436180ac254bb05ecb1b.md), Batman Returns (../Inspirations/Inspirations/Batman%20Returns%20bb12768ac7c14b5ab55779aa3729e99c.md), Batman (1989) (../Inspirations/Inspirations/Batman%20(1989)%20136bf2ccc849460a914cad03bb8dc541.md), Jonathan Strange & Mr. Norrell (../Inspirations/Inspirations/Jonathan%20Strange%20&%20Mr%20Norrell%20ed711545bad14b739e7b27fb6ad5c1a3.md), North and South (../Inspirations/Inspirations/North%20and%20South%20df777bdbbbdc49129d0231be983b6397.md)",,,Low,TWOLD (../Data/Products/TWOLD%20e028aa0786f5449984a4f497c1d746fa.md),,,,1,0,,,,
Tragic compulsion,,,,,,0,,,,Low,TWOLD (../Data/Products/TWOLD%20e028aa0786f5449984a4f497c1d746fa.md),,,,1,0,,,,
Contrasting stable and unstable characters,,,,,,0,,,,Low,TWOLD (../Data/Products/TWOLD%20e028aa0786f5449984a4f497c1d746fa.md),,,,1,0,,,,
Guest consultant,,,,,,3,"Sapphire and Steel (../Inspirations/Inspirations/Sapphire%20and%20Steel%20f4522f813fe047fe9cc7daef159bed6d.md), Top Ten Horror Films of Peter Cushing (../Inspirations/Inspirations/Top%20Ten%20Horror%20Films%20of%20Peter%20Cushing%20580ad5ba6efc451b9814d0d205acabb3.md), Aliens (../Inspirations/Inspirations/Aliens%2028c58e628ba2801a919ce41fb9a52aaa.md)",,,Medium,TWOLD (../Data/Products/TWOLD%20e028aa0786f5449984a4f497c1d746fa.md),,,,2,0,,,,
Forest folk using tradition to survive,,,,,,0,,,Folklore (../Features/Folklore%20b9b9e0b8df614e64bae9bf2ec5b048a2.md),Low,TWOLD (../Data/Products/TWOLD%20e028aa0786f5449984a4f497c1d746fa.md),,,,1,0,,,,
Custom symbolism,,,,,,1,Sapphire and Steel (../Inspirations/Inspirations/Sapphire%20and%20Steel%20f4522f813fe047fe9cc7daef159bed6d.md),,Surreal (../Features/Surreal%20cee6644b68094859bf1b17c5e7fd25de.md),Low,TWOLD (../Data/Products/TWOLD%20e028aa0786f5449984a4f497c1d746fa.md),,,,1,0,,,,
Dreamlike,,,,,,10,"Paprika Opening (../Inspirations/Inspirations/Paprika%20Opening%20ef876f9318794798b9f08c669615c3dd.md), Alice in Wonderland (../Inspirations/Inspirations/Alice%20in%20Wonderland%20ca98e0e27dff4b77adff51cfedaca5ce.md), Alice: Madness Returns (../Inspirations/Inspirations/Alice%20Madness%20Returns%2008742474377d477e94a76e32db60a661.md), In the Mouth of Madness (../Inspirations/Inspirations/In%20the%20Mouth%20of%20Madness%203a3a45e2b9d4455e94e3101a5eafa8ae.md), Labyrinth (../Inspirations/Inspirations/Labyrinth%201d458e628ba280ba8976f66237b73d67.md), Through the Looking Glass (../Inspirations/Inspirations/Through%20the%20Looking%20Glass%201d458e628ba280709ae1d7e3d15c2624.md), Dark Souls (../Inspirations/Inspirations/Dark%20Souls%204126541b1c124056b5dff756778cdba2.md), Surviving Romance (../Inspirations/Inspirations/Surviving%20Romance%2022858e628ba280fba349c779daae8c37.md), Silent Hill (../Inspirations/Inspirations/Silent%20Hill%202a458e628ba28059b174ede173d12c5f.md), Yuuyami Doori Tankentai (../Inspirations/Inspirations/Yuuyami%20Doori%20Tankentai%202cf58e628ba280a5ae34c8d766cd2229.md)",,Surreal (../Features/Surreal%20cee6644b68094859bf1b17c5e7fd25de.md),Medium,TWOLD (../Data/Products/TWOLD%20e028aa0786f5449984a4f497c1d746fa.md),,,,2,0,,,,
False gods,,,,,,0,,,Worship (../Features/Worship%20bdf1eb914ee24fa68c33e76d7e3975d6.md),Low,TWOLD (../Data/Products/TWOLD%20e028aa0786f5449984a4f497c1d746fa.md),,,,1,0,,,,
Worship,,"Worshipping God (../Features/Worshipping%20God%20428f9f34b232411fa91e301f42dec8cc.md), False gods (../Features/False%20gods%20c7881f0f2467400f96a48b0561558a2d.md)",,,,1,Yuuyami Doori Tankentai (../Inspirations/Inspirations/Yuuyami%20Doori%20Tankentai%202cf58e628ba280a5ae34c8d766cd2229.md),,,Low,TWOLD (../Data/Products/TWOLD%20e028aa0786f5449984a4f497c1d746fa.md),,,,1,0,,,,
Worshipping God,The woman at the well (../Data/Bible%20passages/The%20woman%20at%20the%20well%2028f58e628ba2801b9ec9f01c647d0580.md),,,,,0,,,Worship (../Features/Worship%20bdf1eb914ee24fa68c33e76d7e3975d6.md),Medium,TWOLD (../Data/Products/TWOLD%20e028aa0786f5449984a4f497c1d746fa.md),,,,2,0,,,,
Iconic,,,,,,23,"Alice: Madness Returns (../Inspirations/Inspirations/Alice%20Madness%20Returns%2008742474377d477e94a76e32db60a661.md), Dark Souls (../Inspirations/Inspirations/Dark%20Souls%204126541b1c124056b5dff756778cdba2.md), American McGee’s Alice (../Inspirations/Inspirations/American%20McGee%E2%80%99s%20Alice%202392ae8e06574413acc3590f1f416e24.md), Watchmen (../Inspirations/Inspirations/Watchmen%200985cb49b57f4b60bc959cfc391e7176.md), The Evil Dead 2 (../Inspirations/Inspirations/The%20Evil%20Dead%202%2093629e42ee3a488c821794ec47db5374.md), Alice in Wonderland (../Inspirations/Inspirations/Alice%20in%20Wonderland%20ca98e0e27dff4b77adff51cfedaca5ce.md), Paprika Opening (../Inspirations/Inspirations/Paprika%20Opening%20ef876f9318794798b9f08c669615c3dd.md), Discworld series (../Inspirations/Inspirations/Discworld%20series%20541909be433a442f8c7ed51c3ce5f0fc.md), Batman (1989) (../Inspirations/Inspirations/Batman%20(1989)%20136bf2ccc849460a914cad03bb8dc541.md), Les Misérables (1998) (../Inspirations/Inspirations/Les%20Mis%C3%A9rables%20(1998)%2030eba33ec4bb436180ac254bb05ecb1b.md), Batman Returns (../Inspirations/Inspirations/Batman%20Returns%20bb12768ac7c14b5ab55779aa3729e99c.md), Naruto (../Inspirations/Inspirations/Naruto%20975a9a910773440b828e89f035a08d72.md), Berserk (../Inspirations/Inspirations/Berserk%20377a5e04430a4874a6db4ee356807932.md), Stranger Things (../Inspirations/Inspirations/Stranger%20Things%20d4c962a2859a4f14b6acfc4260514175.md), RWBY (../Inspirations/Inspirations/RWBY%201a3cf03caeec4152824ae3c83bf8d476.md), Labyrinth (../Inspirations/Inspirations/Labyrinth%201d458e628ba280ba8976f66237b73d67.md), Through the Looking Glass (../Inspirations/Inspirations/Through%20the%20Looking%20Glass%201d458e628ba280709ae1d7e3d15c2624.md), Surviving Romance (../Inspirations/Inspirations/Surviving%20Romance%2022858e628ba280fba349c779daae8c37.md), Big Trouble in Little China (../Inspirations/Inspirations/Big%20Trouble%20in%20Little%20China%200a1639ebedd74085b350e568bfab2e71.md), River City Girls (../Inspirations/Inspirations/River%20City%20Girls%2022a58e628ba280688bb9eae58590609a.md), The Matrix (../Inspirations/Inspirations/The%20Matrix%2023058e628ba280c887e8f1e85aa43171.md), Aliens (../Inspirations/Inspirations/Aliens%2028c58e628ba2801a919ce41fb9a52aaa.md), Silent Hill (../Inspirations/Inspirations/Silent%20Hill%202a458e628ba28059b174ede173d12c5f.md)",,,Low,TWOLD (../Data/Products/TWOLD%20e028aa0786f5449984a4f497c1d746fa.md),,,,1,0,,,,
Playing with fire,,Fire from the gods (../Features/Fire%20from%20the%20gods%20716ab685a22947019750d497c9b0c798.md),,,,2,"Stranger Things (../Inspirations/Inspirations/Stranger%20Things%20d4c962a2859a4f14b6acfc4260514175.md), H. P. Lovecraft (../Inspirations/Inspirations/H%20P%20Lovecraft%208b960aeb87da4d2c816e0219335869e4.md)",,,Low,TWOLD (../Data/Products/TWOLD%20e028aa0786f5449984a4f497c1d746fa.md),,,,1,0,,,,
Chaotic world,,,,,,1,River City Girls (../Inspirations/Inspirations/River%20City%20Girls%2022a58e628ba280688bb9eae58590609a.md),,,Medium,TWOLD (../Data/Products/TWOLD%20e028aa0786f5449984a4f497c1d746fa.md),,,,2,0,,,,
Locations with personality,,,,,,17,"Alan Wake (../Inspirations/Inspirations/Alan%20Wake%200e04bd5170f74a378ff7c68afe4843e3.md), Alice in Wonderland (../Inspirations/Inspirations/Alice%20in%20Wonderland%20ca98e0e27dff4b77adff51cfedaca5ce.md), American McGee’s Alice (../Inspirations/Inspirations/American%20McGee%E2%80%99s%20Alice%202392ae8e06574413acc3590f1f416e24.md), Angel (../Inspirations/Inspirations/Angel%20e78051e24c8d47aaaa8b5d0bf7bf8d93.md), Ash vs. the Evil Dead (../Inspirations/Inspirations/Ash%20vs%20the%20Evil%20Dead%206c3ea4b72e4e4e6e8f3474bbab490186.md), Big Trouble in Little China (../Inspirations/Inspirations/Big%20Trouble%20in%20Little%20China%200a1639ebedd74085b350e568bfab2e71.md), Blasphemous (../Inspirations/Inspirations/Blasphemous%20d3bf4fbc9886450ba5a4709f61bf2920.md), Buffy the Vampire Slayer (../Inspirations/Inspirations/Buffy%20the%20Vampire%20Slayer%20422117fdf7ea42638ab43a679e512d1b.md), Dark City (../Inspirations/Inspirations/Dark%20City%205a033978a93e45789ab3944344d619a3.md), Dark Souls (../Inspirations/Inspirations/Dark%20Souls%204126541b1c124056b5dff756778cdba2.md), Discworld series (../Inspirations/Inspirations/Discworld%20series%20541909be433a442f8c7ed51c3ce5f0fc.md), Mordheim (../Inspirations/Inspirations/Mordheim%20e6b55f683b5849d8a23bbbf0b219411b.md), Sapphire and Steel (../Inspirations/Inspirations/Sapphire%20and%20Steel%20f4522f813fe047fe9cc7daef159bed6d.md), The Evil Dead 2 (../Inspirations/Inspirations/The%20Evil%20Dead%202%2093629e42ee3a488c821794ec47db5374.md), Labyrinth (../Inspirations/Inspirations/Labyrinth%201d458e628ba280ba8976f66237b73d67.md), The Matrix (../Inspirations/Inspirations/The%20Matrix%2023058e628ba280c887e8f1e85aa43171.md), Yuuyami Doori Tankentai (../Inspirations/Inspirations/Yuuyami%20Doori%20Tankentai%202cf58e628ba280a5ae34c8d766cd2229.md)",,,Low,TWOLD (../Data/Products/TWOLD%20e028aa0786f5449984a4f497c1d746fa.md),,,Wonderland,1,1,,,,
Maze-like,,,,,,19,"Alice in Wonderland (../Inspirations/Inspirations/Alice%20in%20Wonderland%20ca98e0e27dff4b77adff51cfedaca5ce.md), American McGee’s Alice (../Inspirations/Inspirations/American%20McGee%E2%80%99s%20Alice%202392ae8e06574413acc3590f1f416e24.md), Batman Returns (../Inspirations/Inspirations/Batman%20Returns%20bb12768ac7c14b5ab55779aa3729e99c.md), Big Trouble in Little China (../Inspirations/Inspirations/Big%20Trouble%20in%20Little%20China%200a1639ebedd74085b350e568bfab2e71.md), Dark City (../Inspirations/Inspirations/Dark%20City%205a033978a93e45789ab3944344d619a3.md), Mordheim (../Inspirations/Inspirations/Mordheim%20e6b55f683b5849d8a23bbbf0b219411b.md), Sapphire and Steel (../Inspirations/Inspirations/Sapphire%20and%20Steel%20f4522f813fe047fe9cc7daef159bed6d.md), Tenkuu Shinpan (../Inspirations/Inspirations/Tenkuu%20Shinpan%20748ff563f82047c68c5bc3e6c8842598.md), The Evil Dead 2 (../Inspirations/Inspirations/The%20Evil%20Dead%202%2093629e42ee3a488c821794ec47db5374.md), The Great Muppet Caper (../Inspirations/Inspirations/The%20Great%20Muppet%20Caper%2015058e628ba280528132f64f29593742.md), The Office (../Inspirations/Inspirations/The%20Office%20ff3a2fef6cac42b199eb43c00fa8849f.md), Labyrinth (../Inspirations/Inspirations/Labyrinth%201d458e628ba280ba8976f66237b73d67.md), Dark Souls (../Inspirations/Inspirations/Dark%20Souls%204126541b1c124056b5dff756778cdba2.md), Surviving Romance (../Inspirations/Inspirations/Surviving%20Romance%2022858e628ba280fba349c779daae8c37.md), River City Girls (../Inspirations/Inspirations/River%20City%20Girls%2022a58e628ba280688bb9eae58590609a.md), Alan Wake (../Inspirations/Inspirations/Alan%20Wake%200e04bd5170f74a378ff7c68afe4843e3.md), Aliens (../Inspirations/Inspirations/Aliens%2028c58e628ba2801a919ce41fb9a52aaa.md), Paprika Opening (../Inspirations/Inspirations/Paprika%20Opening%20ef876f9318794798b9f08c669615c3dd.md), Silent Hill (../Inspirations/Inspirations/Silent%20Hill%202a458e628ba28059b174ede173d12c5f.md)",,,Low,TWOLD (../Data/Products/TWOLD%20e028aa0786f5449984a4f497c1d746fa.md),,,Wonderland,1,1,,,,
Stumbling upon stationary characters,,,,,,8,"Alice in Wonderland (../Inspirations/Inspirations/Alice%20in%20Wonderland%20ca98e0e27dff4b77adff51cfedaca5ce.md), American McGee’s Alice (../Inspirations/Inspirations/American%20McGee%E2%80%99s%20Alice%202392ae8e06574413acc3590f1f416e24.md), Dark Souls (../Inspirations/Inspirations/Dark%20Souls%204126541b1c124056b5dff756778cdba2.md), Labyrinth (../Inspirations/Inspirations/Labyrinth%201d458e628ba280ba8976f66237b73d67.md), Through the Looking Glass (../Inspirations/Inspirations/Through%20the%20Looking%20Glass%201d458e628ba280709ae1d7e3d15c2624.md), River City Girls (../Inspirations/Inspirations/River%20City%20Girls%2022a58e628ba280688bb9eae58590609a.md), Silent Hill (../Inspirations/Inspirations/Silent%20Hill%202a458e628ba28059b174ede173d12c5f.md), Yuuyami Doori Tankentai (../Inspirations/Inspirations/Yuuyami%20Doori%20Tankentai%202cf58e628ba280a5ae34c8d766cd2229.md)",,,Low,TWOLD (../Data/Products/TWOLD%20e028aa0786f5449984a4f497c1d746fa.md),,James meets Miles in the Asylum (../Solutions/James%20meets%20Miles%20in%20the%20Asylum%201ef58e628ba28004a699f06ab1278857.md),Wonderland,1,1,,,,
Adventure,,,,,,44,"Alan Wake (../Inspirations/Inspirations/Alan%20Wake%200e04bd5170f74a378ff7c68afe4843e3.md), American McGee’s Alice (../Inspirations/Inspirations/American%20McGee%E2%80%99s%20Alice%202392ae8e06574413acc3590f1f416e24.md), Angel (../Inspirations/Inspirations/Angel%20e78051e24c8d47aaaa8b5d0bf7bf8d93.md), Ash vs. the Evil Dead (../Inspirations/Inspirations/Ash%20vs%20the%20Evil%20Dead%206c3ea4b72e4e4e6e8f3474bbab490186.md), Sapphire and Steel (../Inspirations/Inspirations/Sapphire%20and%20Steel%20f4522f813fe047fe9cc7daef159bed6d.md), Guardians of the Galaxy (2008) (../Inspirations/Inspirations/Guardians%20of%20the%20Galaxy%20(2008)%206266105a80734554b40460f4ba6400d8.md), The Great Muppet Caper (../Inspirations/Inspirations/The%20Great%20Muppet%20Caper%2015058e628ba280528132f64f29593742.md), Unforgiving - A Northern Hymn (../Inspirations/Inspirations/Unforgiving%20-%20A%20Northern%20Hymn%2096547461fbf64fbfb5f3a64d86e132c0.md), Buffy the Vampire Slayer (../Inspirations/Inspirations/Buffy%20the%20Vampire%20Slayer%20422117fdf7ea42638ab43a679e512d1b.md), The Witcher (../Inspirations/Inspirations/The%20Witcher%20d52418cdc33d47ba8c64bc60adabd302.md), The Strongest Florist (../Inspirations/Inspirations/The%20Strongest%20Florist%20b011de8d80e249d49813f6c923397117.md), The Evil Dead 2 (../Inspirations/Inspirations/The%20Evil%20Dead%202%2093629e42ee3a488c821794ec47db5374.md), Neverwinter Nights (../Inspirations/Inspirations/Neverwinter%20Nights%20b1de5c0c474b4a9f96d7b652dcd30ece.md), The Darkest Dungeon (../Inspirations/Inspirations/The%20Darkest%20Dungeon%20df3ac67f75374c4aa1634a7575916828.md), Dark Souls (../Inspirations/Inspirations/Dark%20Souls%204126541b1c124056b5dff756778cdba2.md), Top Ten Horror Films of Peter Cushing (../Inspirations/Inspirations/Top%20Ten%20Horror%20Films%20of%20Peter%20Cushing%20580ad5ba6efc451b9814d0d205acabb3.md), Top Ten Hammer Horrors of Michael Ripper (../Inspirations/Inspirations/Top%20Ten%20Hammer%20Horrors%20of%20Michael%20Ripper%20e654f2833b1a4d02b3d76251af2456ae.md), The Wheel of Time (../Inspirations/Inspirations/The%20Wheel%20of%20Time%205f8c9f03a30b4aa4bbc33d70558079a1.md), Alice in Wonderland (../Inspirations/Inspirations/Alice%20in%20Wonderland%20ca98e0e27dff4b77adff51cfedaca5ce.md), Stranger Things (../Inspirations/Inspirations/Stranger%20Things%20d4c962a2859a4f14b6acfc4260514175.md), Supernatural (../Inspirations/Inspirations/Supernatural%20996146bcd7f043f0a2f91fe83c4321c0.md), The Walking Dead (../Inspirations/Inspirations/The%20Walking%20Dead%201d28d505f48f437d8501aa594f07c6cb.md), Big Trouble in Little China (../Inspirations/Inspirations/Big%20Trouble%20in%20Little%20China%200a1639ebedd74085b350e568bfab2e71.md), Untitled (https://www.notion.so/0a76666792964c1bad46a2e5656ab62e?pvs=21), Doom Patrol (2016) (../Inspirations/Inspirations/Doom%20Patrol%20(2016)%20513936adfeba4a2bad778646bcea5cce.md), Spider-Man (Renew Your Vows) (../Inspirations/Inspirations/Spider-Man%20(Renew%20Your%20Vows)%20939509d82a034b0b979e4eb1dbb1d794.md), Mordheim (../Inspirations/Inspirations/Mordheim%20e6b55f683b5849d8a23bbbf0b219411b.md), Naruto (../Inspirations/Inspirations/Naruto%20975a9a910773440b828e89f035a08d72.md), Tenkuu Shinpan (../Inspirations/Inspirations/Tenkuu%20Shinpan%20748ff563f82047c68c5bc3e6c8842598.md), Justice League America (International) (../Inspirations/Inspirations/Justice%20League%20America%20(International)%207371ab44a1864032bae75dc0cd3da4ee.md), Batman (1989) (../Inspirations/Inspirations/Batman%20(1989)%20136bf2ccc849460a914cad03bb8dc541.md), Batman Returns (../Inspirations/Inspirations/Batman%20Returns%20bb12768ac7c14b5ab55779aa3729e99c.md), Berserk (../Inspirations/Inspirations/Berserk%20377a5e04430a4874a6db4ee356807932.md), Dark City (../Inspirations/Inspirations/Dark%20City%205a033978a93e45789ab3944344d619a3.md), Discworld series (../Inspirations/Inspirations/Discworld%20series%20541909be433a442f8c7ed51c3ce5f0fc.md), RWBY (../Inspirations/Inspirations/RWBY%201a3cf03caeec4152824ae3c83bf8d476.md), Labyrinth (../Inspirations/Inspirations/Labyrinth%201d458e628ba280ba8976f66237b73d67.md), Through the Looking Glass (../Inspirations/Inspirations/Through%20the%20Looking%20Glass%201d458e628ba280709ae1d7e3d15c2624.md), Surviving Romance (../Inspirations/Inspirations/Surviving%20Romance%2022858e628ba280fba349c779daae8c37.md), River City Girls (../Inspirations/Inspirations/River%20City%20Girls%2022a58e628ba280688bb9eae58590609a.md), The Matrix (../Inspirations/Inspirations/The%20Matrix%2023058e628ba280c887e8f1e85aa43171.md), Doctor Who (../Inspirations/Inspirations/Doctor%20Who%2027d58e628ba28012bd49c9bb9d4e613f.md), Unholy Blood (../Inspirations/Inspirations/Unholy%20Blood%2028458e628ba2802fb201d00c0bb8bcb9.md), Silent Hill (../Inspirations/Inspirations/Silent%20Hill%202a458e628ba28059b174ede173d12c5f.md), Yuuyami Doori Tankentai (../Inspirations/Inspirations/Yuuyami%20Doori%20Tankentai%202cf58e628ba280a5ae34c8d766cd2229.md)",,,Medium,TWOLD (../Data/Products/TWOLD%20e028aa0786f5449984a4f497c1d746fa.md),,,Wonderland,2,1,,,,
Free spirited / adaptable main characters,,,,,,21,"Alice in Wonderland (../Inspirations/Inspirations/Alice%20in%20Wonderland%20ca98e0e27dff4b77adff51cfedaca5ce.md), Ash vs. the Evil Dead (../Inspirations/Inspirations/Ash%20vs%20the%20Evil%20Dead%206c3ea4b72e4e4e6e8f3474bbab490186.md), Berserk (../Inspirations/Inspirations/Berserk%20377a5e04430a4874a6db4ee356807932.md), Big Trouble in Little China (../Inspirations/Inspirations/Big%20Trouble%20in%20Little%20China%200a1639ebedd74085b350e568bfab2e71.md), Dark City (../Inspirations/Inspirations/Dark%20City%205a033978a93e45789ab3944344d619a3.md), Doom Patrol (2016) (../Inspirations/Inspirations/Doom%20Patrol%20(2016)%20513936adfeba4a2bad778646bcea5cce.md), Paprika Opening (../Inspirations/Inspirations/Paprika%20Opening%20ef876f9318794798b9f08c669615c3dd.md), Supernatural (../Inspirations/Inspirations/Supernatural%20996146bcd7f043f0a2f91fe83c4321c0.md), Tenkuu Shinpan (../Inspirations/Inspirations/Tenkuu%20Shinpan%20748ff563f82047c68c5bc3e6c8842598.md), The Evil Dead 2 (../Inspirations/Inspirations/The%20Evil%20Dead%202%2093629e42ee3a488c821794ec47db5374.md), The Great Muppet Caper (../Inspirations/Inspirations/The%20Great%20Muppet%20Caper%2015058e628ba280528132f64f29593742.md), The Witcher (../Inspirations/Inspirations/The%20Witcher%20d52418cdc33d47ba8c64bc60adabd302.md), Labyrinth (../Inspirations/Inspirations/Labyrinth%201d458e628ba280ba8976f66237b73d67.md), Surviving Romance (../Inspirations/Inspirations/Surviving%20Romance%2022858e628ba280fba349c779daae8c37.md), River City Girls (../Inspirations/Inspirations/River%20City%20Girls%2022a58e628ba280688bb9eae58590609a.md), The Matrix (../Inspirations/Inspirations/The%20Matrix%2023058e628ba280c887e8f1e85aa43171.md), Alan Wake (../Inspirations/Inspirations/Alan%20Wake%200e04bd5170f74a378ff7c68afe4843e3.md), Doctor Who (../Inspirations/Inspirations/Doctor%20Who%2027d58e628ba28012bd49c9bb9d4e613f.md), Unholy Blood (../Inspirations/Inspirations/Unholy%20Blood%2028458e628ba2802fb201d00c0bb8bcb9.md), RWBY (../Inspirations/Inspirations/RWBY%201a3cf03caeec4152824ae3c83bf8d476.md), Aliens (../Inspirations/Inspirations/Aliens%2028c58e628ba2801a919ce41fb9a52aaa.md)",,,Low,TWOLD (../Data/Products/TWOLD%20e028aa0786f5449984a4f497c1d746fa.md),,,Wonderland,1,1,,,,
Temporal continuity,,,,,,15,"Alice in Wonderland (../Inspirations/Inspirations/Alice%20in%20Wonderland%20ca98e0e27dff4b77adff51cfedaca5ce.md), American McGee’s Alice (../Inspirations/Inspirations/American%20McGee%E2%80%99s%20Alice%202392ae8e06574413acc3590f1f416e24.md), Ash vs. the Evil Dead (../Inspirations/Inspirations/Ash%20vs%20the%20Evil%20Dead%206c3ea4b72e4e4e6e8f3474bbab490186.md), Big Trouble in Little China (../Inspirations/Inspirations/Big%20Trouble%20in%20Little%20China%200a1639ebedd74085b350e568bfab2e71.md), Sapphire and Steel (../Inspirations/Inspirations/Sapphire%20and%20Steel%20f4522f813fe047fe9cc7daef159bed6d.md), Stranger Things (../Inspirations/Inspirations/Stranger%20Things%20d4c962a2859a4f14b6acfc4260514175.md), Tenkuu Shinpan (../Inspirations/Inspirations/Tenkuu%20Shinpan%20748ff563f82047c68c5bc3e6c8842598.md), The Evil Dead 2 (../Inspirations/Inspirations/The%20Evil%20Dead%202%2093629e42ee3a488c821794ec47db5374.md), Labyrinth (../Inspirations/Inspirations/Labyrinth%201d458e628ba280ba8976f66237b73d67.md), Through the Looking Glass (../Inspirations/Inspirations/Through%20the%20Looking%20Glass%201d458e628ba280709ae1d7e3d15c2624.md), Surviving Romance (../Inspirations/Inspirations/Surviving%20Romance%2022858e628ba280fba349c779daae8c37.md), River City Girls (../Inspirations/Inspirations/River%20City%20Girls%2022a58e628ba280688bb9eae58590609a.md), Paprika Opening (../Inspirations/Inspirations/Paprika%20Opening%20ef876f9318794798b9f08c669615c3dd.md), Alan Wake (../Inspirations/Inspirations/Alan%20Wake%200e04bd5170f74a378ff7c68afe4843e3.md), Silent Hill (../Inspirations/Inspirations/Silent%20Hill%202a458e628ba28059b174ede173d12c5f.md)",,,Medium,TWOLD (../Data/Products/TWOLD%20e028aa0786f5449984a4f497c1d746fa.md),,,Wonderland,2,1,,,,
Journey - frequent new locations,,,,,,18,"Alan Wake (../Inspirations/Inspirations/Alan%20Wake%200e04bd5170f74a378ff7c68afe4843e3.md), Alice in Wonderland (../Inspirations/Inspirations/Alice%20in%20Wonderland%20ca98e0e27dff4b77adff51cfedaca5ce.md), American McGee’s Alice (../Inspirations/Inspirations/American%20McGee%E2%80%99s%20Alice%202392ae8e06574413acc3590f1f416e24.md), Ash vs. the Evil Dead (../Inspirations/Inspirations/Ash%20vs%20the%20Evil%20Dead%206c3ea4b72e4e4e6e8f3474bbab490186.md), Berserk (../Inspirations/Inspirations/Berserk%20377a5e04430a4874a6db4ee356807932.md), Big Trouble in Little China (../Inspirations/Inspirations/Big%20Trouble%20in%20Little%20China%200a1639ebedd74085b350e568bfab2e71.md), Dark City (../Inspirations/Inspirations/Dark%20City%205a033978a93e45789ab3944344d619a3.md), Guardians of the Galaxy (2008) (../Inspirations/Inspirations/Guardians%20of%20the%20Galaxy%20(2008)%206266105a80734554b40460f4ba6400d8.md), Paprika Opening (../Inspirations/Inspirations/Paprika%20Opening%20ef876f9318794798b9f08c669615c3dd.md), Supernatural (../Inspirations/Inspirations/Supernatural%20996146bcd7f043f0a2f91fe83c4321c0.md), Tenkuu Shinpan (../Inspirations/Inspirations/Tenkuu%20Shinpan%20748ff563f82047c68c5bc3e6c8842598.md), The Strongest Florist (../Inspirations/Inspirations/The%20Strongest%20Florist%20b011de8d80e249d49813f6c923397117.md), Labyrinth (../Inspirations/Inspirations/Labyrinth%201d458e628ba280ba8976f66237b73d67.md), Through the Looking Glass (../Inspirations/Inspirations/Through%20the%20Looking%20Glass%201d458e628ba280709ae1d7e3d15c2624.md), Dark Souls (../Inspirations/Inspirations/Dark%20Souls%204126541b1c124056b5dff756778cdba2.md), River City Girls (../Inspirations/Inspirations/River%20City%20Girls%2022a58e628ba280688bb9eae58590609a.md), The Matrix (../Inspirations/Inspirations/The%20Matrix%2023058e628ba280c887e8f1e85aa43171.md), Silent Hill (../Inspirations/Inspirations/Silent%20Hill%202a458e628ba28059b174ede173d12c5f.md)",,,Medium,TWOLD (../Data/Products/TWOLD%20e028aa0786f5449984a4f497c1d746fa.md),,,Wonderland,2,1,,,,
Conflicting accounts,,,,,,1,Yuuyami Doori Tankentai (../Inspirations/Inspirations/Yuuyami%20Doori%20Tankentai%202cf58e628ba280a5ae34c8d766cd2229.md),,,Low,TWOLD (../Data/Products/TWOLD%20e028aa0786f5449984a4f497c1d746fa.md),,,,1,0,,,,
No explanation,,,,,,2,"Dark Souls (../Inspirations/Inspirations/Dark%20Souls%204126541b1c124056b5dff756778cdba2.md), Dark City (../Inspirations/Inspirations/Dark%20City%205a033978a93e45789ab3944344d619a3.md)",,,Low,TWOLD (../Data/Products/TWOLD%20e028aa0786f5449984a4f497c1d746fa.md),,,,1,0,,,,
Resourcefulness,,,,,,4,"Jeeves and Wooster (../Inspirations/Inspirations/Jeeves%20and%20Wooster%2018658e628ba280b781bfcabd1d05cd5d.md), The Strongest Florist (../Inspirations/Inspirations/The%20Strongest%20Florist%20b011de8d80e249d49813f6c923397117.md), The Office (../Inspirations/Inspirations/The%20Office%20ff3a2fef6cac42b199eb43c00fa8849f.md), Naruto (../Inspirations/Inspirations/Naruto%20975a9a910773440b828e89f035a08d72.md)",,,Medium,TWOLD (../Data/Products/TWOLD%20e028aa0786f5449984a4f497c1d746fa.md),,,,2,0,,,,
Turned tables,,,,,,4,"The Office (../Inspirations/Inspirations/The%20Office%20ff3a2fef6cac42b199eb43c00fa8849f.md), The Strongest Florist (../Inspirations/Inspirations/The%20Strongest%20Florist%20b011de8d80e249d49813f6c923397117.md), Cursed Princess Club (../Inspirations/Inspirations/Cursed%20Princess%20Club%20bfb85a9b7ea74bc8a8d385d6519d1bcc.md), Duchess in Ruins (../Inspirations/Inspirations/Duchess%20in%20Ruins%201da58e628ba280fc9173d1f7d7680bf3.md)",,,Medium,TWOLD (../Data/Products/TWOLD%20e028aa0786f5449984a4f497c1d746fa.md),,,,2,0,,,,
Good stewardship,,,,,,7,"The Office (../Inspirations/Inspirations/The%20Office%20ff3a2fef6cac42b199eb43c00fa8849f.md), Duchess in Ruins (../Inspirations/Inspirations/Duchess%20in%20Ruins%201da58e628ba280fc9173d1f7d7680bf3.md), The Strongest Florist (../Inspirations/Inspirations/The%20Strongest%20Florist%20b011de8d80e249d49813f6c923397117.md), Jeeves and Wooster (../Inspirations/Inspirations/Jeeves%20and%20Wooster%2018658e628ba280b781bfcabd1d05cd5d.md), Naruto (../Inspirations/Inspirations/Naruto%20975a9a910773440b828e89f035a08d72.md), Foyle's War (../Inspirations/Inspirations/Foyle's%20War%209698e35a1cd140969f69eae29d7c3251.md), Les Misérables (1998) (../Inspirations/Inspirations/Les%20Mis%C3%A9rables%20(1998)%2030eba33ec4bb436180ac254bb05ecb1b.md)",,,,TWOLD (../Data/Products/TWOLD%20e028aa0786f5449984a4f497c1d746fa.md),,,,0,0,,,,
Wages of irresponsibility,,,,,,2,"Duchess in Ruins (../Inspirations/Inspirations/Duchess%20in%20Ruins%201da58e628ba280fc9173d1f7d7680bf3.md), The Office (../Inspirations/Inspirations/The%20Office%20ff3a2fef6cac42b199eb43c00fa8849f.md)",,,,TWOLD (../Data/Products/TWOLD%20e028aa0786f5449984a4f497c1d746fa.md),,,,0,0,,,,
Vulnerable to light,,,,,,1,Alan Wake (../Inspirations/Inspirations/Alan%20Wake%200e04bd5170f74a378ff7c68afe4843e3.md),,,,TWOLD (../Data/Products/TWOLD%20e028aa0786f5449984a4f497c1d746fa.md),,"The light industry is booming (../Solutions/The%20light%20industry%20is%20booming%201d958e628ba280998660fe107babe8d8.md), Scarce light sources (../Solutions/Scarce%20light%20sources%201d958e628ba280ca8af1ff43eb5c3a1f.md)",,0,0,,,,
Cozy,,Cozy horror (../Features/Cozy%20horror%20e5cc80dc61ed4c629951cdf472b20b7a.md),,,,1,Paprika Opening (../Inspirations/Inspirations/Paprika%20Opening%20ef876f9318794798b9f08c669615c3dd.md),,,,TWOLD (../Data/Products/TWOLD%20e028aa0786f5449984a4f497c1d746fa.md),,Adelle as a Barista (../Solutions/Adelle%20as%20a%20Barista%201d858e628ba280d9bac1cc43140ce0b9.md),,0,0,,,,
,,,,,,0,,,,,TWOLD (../Data/Products/TWOLD%20e028aa0786f5449984a4f497c1d746fa.md),,,,0,0,,,,
Intuitive continuity,,,,,,9,"Paprika Opening (../Inspirations/Inspirations/Paprika%20Opening%20ef876f9318794798b9f08c669615c3dd.md), Alice in Wonderland (../Inspirations/Inspirations/Alice%20in%20Wonderland%20ca98e0e27dff4b77adff51cfedaca5ce.md), Big Trouble in Little China (../Inspirations/Inspirations/Big%20Trouble%20in%20Little%20China%200a1639ebedd74085b350e568bfab2e71.md), The Evil Dead 2 (../Inspirations/Inspirations/The%20Evil%20Dead%202%2093629e42ee3a488c821794ec47db5374.md), Alice: Madness Returns (../Inspirations/Inspirations/Alice%20Madness%20Returns%2008742474377d477e94a76e32db60a661.md), Doom Patrol (2016) (../Inspirations/Inspirations/Doom%20Patrol%20(2016)%20513936adfeba4a2bad778646bcea5cce.md), Discworld series (../Inspirations/Inspirations/Discworld%20series%20541909be433a442f8c7ed51c3ce5f0fc.md), American McGee’s Alice (../Inspirations/Inspirations/American%20McGee%E2%80%99s%20Alice%202392ae8e06574413acc3590f1f416e24.md), Sapphire and Steel (../Inspirations/Inspirations/Sapphire%20and%20Steel%20f4522f813fe047fe9cc7daef159bed6d.md)",,Surreal (../Features/Surreal%20cee6644b68094859bf1b17c5e7fd25de.md),,TWOLD (../Data/Products/TWOLD%20e028aa0786f5449984a4f497c1d746fa.md),,,Wonderland,0,1,,,,
Magic industry,,,,,,0,,,,Medium,TWOLD (../Data/Products/TWOLD%20e028aa0786f5449984a4f497c1d746fa.md),,,,2,0,,,,
Heart,,,,,,17,"Berserk (../Inspirations/Inspirations/Berserk%20377a5e04430a4874a6db4ee356807932.md), Jonathan Strange & Mr. Norrell (../Inspirations/Inspirations/Jonathan%20Strange%20&%20Mr%20Norrell%20ed711545bad14b739e7b27fb6ad5c1a3.md), Surviving Romance (../Inspirations/Inspirations/Surviving%20Romance%2022858e628ba280fba349c779daae8c37.md), Cursed Princess Club (../Inspirations/Inspirations/Cursed%20Princess%20Club%20bfb85a9b7ea74bc8a8d385d6519d1bcc.md), Duchess in Ruins (../Inspirations/Inspirations/Duchess%20in%20Ruins%201da58e628ba280fc9173d1f7d7680bf3.md), Naruto (../Inspirations/Inspirations/Naruto%20975a9a910773440b828e89f035a08d72.md), Big Trouble in Little China (../Inspirations/Inspirations/Big%20Trouble%20in%20Little%20China%200a1639ebedd74085b350e568bfab2e71.md), Aliens (../Inspirations/Inspirations/Aliens%2028c58e628ba2801a919ce41fb9a52aaa.md), RWBY (../Inspirations/Inspirations/RWBY%201a3cf03caeec4152824ae3c83bf8d476.md), Top Ten Hammer Horrors of Michael Ripper (../Inspirations/Inspirations/Top%20Ten%20Hammer%20Horrors%20of%20Michael%20Ripper%20e654f2833b1a4d02b3d76251af2456ae.md), Les Misérables (1998) (../Inspirations/Inspirations/Les%20Mis%C3%A9rables%20(1998)%2030eba33ec4bb436180ac254bb05ecb1b.md), Stranger Things (../Inspirations/Inspirations/Stranger%20Things%20d4c962a2859a4f14b6acfc4260514175.md), North and South (../Inspirations/Inspirations/North%20and%20South%20df777bdbbbdc49129d0231be983b6397.md), Jane Austen (../Inspirations/Inspirations/Jane%20Austen%203e41441f25d94ebab2ee737d9815f33c.md), The Office (../Inspirations/Inspirations/The%20Office%20ff3a2fef6cac42b199eb43c00fa8849f.md), Pride and Prejudice (../Inspirations/Inspirations/Pride%20and%20Prejudice%2013758e628ba2807798bbc04ae550da36.md), Mieruko-chan (../Inspirations/Inspirations/Mieruko-chan%205c8abc58917a455381362cb19b9aed0b.md)",,,High,TWOLD (../Data/Products/TWOLD%20e028aa0786f5449984a4f497c1d746fa.md),,,,4,0,,,,
Fantasy misconceptions,,,,,,2,"The Witcher (../Inspirations/Inspirations/The%20Witcher%20d52418cdc33d47ba8c64bc60adabd302.md), Cursed Princess Club (../Inspirations/Inspirations/Cursed%20Princess%20Club%20bfb85a9b7ea74bc8a8d385d6519d1bcc.md)",,,Low,TWOLD (../Data/Products/TWOLD%20e028aa0786f5449984a4f497c1d746fa.md),,,,1,0,,,,
Neighboring locations,,,,,,0,,,,Low,,,,,1,0,,,,